variant,archetype,n_runs,mean_delta_m,mean_delta_m_ci_lo,mean_delta_m_ci_hi,fidelity,mean_delta_m_ref,mean_delta_m_ref_ci_lo,mean_delta_m_ref_ci_hi,fidelity_ref,jitter,jitter_ci_lo,jitter_ci_hi,target_jitter,level_changes_per_run,level_skips_per_run,runs_with_level_skip,target_level_skips_per_run,generation_attempts,schema_compliance,plant_budget_compliance,fallback_rate,reached_level4,overload_rate,underload_rate,n_react_events,tau_react_median,tau_react_censored,n_recover_events,tau_recover_median,tau_recover_mean,tau_recover_censored
unconstrained_genui,all,1000,0.108959,0.106452,0.111466,0.5279,0.108959,0.106452,0.111466,0.5279,0.126495,0.123619,0.129371,0.052776,12.016,2.761,0.878,1.869,40000,0.969875,0.52555,0.030125,0.971,0.11425,0.057375,614,1.0,0.04886,571,2,3.790497,0.189142
unconstrained_genui,struggling_novice,300,0.135834,0.1318,0.139868,0.425833,0.135834,0.1318,0.139868,0.425833,0.156491,0.151704,0.161278,0.061549,16.766667,3.89,0.936667,1.933333,12000,0.968417,0.600167,0.031583,0.903333,0.10775,0.066833,405,1,0.024691,394,2.0,3.639073,0.233503
unconstrained_genui,inconsistent_guesser,400,0.1122,0.10823,0.116171,0.528563,0.1122,0.10823,0.116171,0.528563,0.129676,0.125118,0.134234,0.064459,12.0575,3.145,0.895,2.33,16000,0.96975,0.52075,0.03025,1.0,0.141062,0.067062,166,1,0.03012,154,3.0,4.318841,0.103896
unconstrained_genui,fast_master,300,0.077761,0.075835,0.079688,0.629083,0.077761,0.075835,0.079688,0.629083,0.092259,0.089923,0.094594,0.028426,7.21,1.12,0.796667,1.19,12000,0.9715,0.457333,0.0285,1.0,0.085,0.035,43,1.0,0.348837,23,2,2.608696,0.0
rule_based,all,1000,0.172469,0.166901,0.178038,0.416175,0.172469,0.166901,0.178038,0.416175,0.02846,0.027527,0.029392,0.052776,4.485,0.0,0.0,1.869,0,,,0.0,0.721,0.04605,0.250425,165,2,0.0,165,9,9.206349,0.618182
rule_based,struggling_novice,300,0.157082,0.146617,0.167547,0.376167,0.157082,0.146617,0.167547,0.376167,0.0213,0.019448,0.023153,0.061549,3.393333,0.0,0.0,1.933333,0,,,0.0,0.37,0.018083,0.2475,67,2,0.0,67,8,8.923077,0.80597
rule_based,inconsistent_guesser,400,0.209797,0.200667,0.218927,0.385063,0.209797,0.200667,0.218927,0.385063,0.033824,0.032483,0.035165,0.064459,5.3325,0.0,0.0,2.33,0,,,0.0,0.775,0.054813,0.305,70,2.0,0.0,70,9,9.512821,0.442857
rule_based,fast_master,300,0.138086,0.131348,0.144824,0.497667,0.138086,0.131348,0.144824,0.497667,0.028467,0.027089,0.029845,0.028426,4.446667,0.0,0.0,1.19,0,,,0.0,1.0,0.062333,0.180583,28,2.0,0.0,28,10,8.454545,0.607143
closed_loop,all,1000,0.013899,0.013585,0.014214,1.0,0.013899,0.013585,0.014214,1.0,0.053844,0.05159,0.056098,0.052776,5.017,1.796,0.926,1.869,40000,0.969775,0.846025,0.153975,0.937,0.08005,0.109425,267,1.0,0.183521,214,6.0,7.268657,0.373832
closed_loop,struggling_novice,300,0.013487,0.013117,0.013857,1.0,0.013487,0.013117,0.013857,1.0,0.060715,0.056815,0.064614,0.061549,5.563333,1.873333,0.813333,1.933333,12000,0.9705,0.842,0.158,0.793333,0.0515,0.12,133,1,0.090226,119,6.0,8.442308,0.563025
closed_loop,inconsistent_guesser,400,0.013824,0.013387,0.014262,1.0,0.013824,0.013387,0.014262,1.0,0.065936,0.061877,0.069995,0.064459,6.385,2.23,0.9875,2.33,16000,0.969375,0.84775,0.15225,0.9975,0.103313,0.127,105,1.0,0.142857,88,6,6.746667,0.147727
closed_loop,fast_master,300,0.014412,0.013627,0.015197,1.0,0.014412,0.013627,0.015197,1.0,0.030852,0.02938,0.032324,0.028426,2.646667,1.14,0.956667,1.19,12000,0.969583,0.84775,0.15225,1.0,0.077583,0.075417,29,7,0.758621,7,4,4.142857,0.0
closed_loop_forgetting,all,1000,0.010965,0.010744,0.011186,1.0,0.109293,0.104475,0.11411,0.6398,0.102218,0.098968,0.105468,0.102062,11.415,2.749,0.866,2.943,40000,0.970525,0.83825,0.16175,0.927,0.040275,0.175425,247,1,0.0,247,5.0,6.84058,0.441296
closed_loop_forgetting,struggling_novice,300,0.0114,0.011157,0.011643,1.0,0.093012,0.084301,0.101723,0.730167,0.096975,0.090955,0.102994,0.098461,10.356667,2.716667,0.76,2.886667,12000,0.970333,0.835667,0.164333,0.766667,0.017417,0.183833,119,1,0.0,119,6,8.023256,0.638655
closed_loop_forgetting,inconsistent_guesser,400,0.010672,0.010406,0.010938,1.0,0.142667,0.134863,0.150472,0.5645,0.1351,0.130948,0.139252,0.134854,15.4025,3.705,0.95,4.0025,16000,0.971,0.840125,0.159875,0.9925,0.049313,0.2205,99,1,0.0,99,6.0,6.851351,0.252525
closed_loop_forgetting,fast_master,300,0.01092,0.010323,0.011516,1.0,0.081073,0.074629,0.087518,0.649833,0.063619,0.060048,0.067189,0.061941,7.156667,1.506667,0.86,1.586667,12000,0.970083,0.838333,0.161667,1.0,0.051083,0.106917,29,1,0.0,29,4,4.380952,0.275862
closed_loop_lapse_cusum,all,1000,0.014094,0.013797,0.01439,1.0,0.041394,0.038455,0.044334,0.936575,0.064507,0.062069,0.066944,0.063746,5.923,2.226,0.932,2.295,40000,0.9698,0.845075,0.154925,0.937,0.060975,0.127075,262,1.5,0.0,262,6,7.13245,0.423664
closed_loop_lapse_cusum,struggling_novice,300,0.013807,0.013424,0.01419,1.0,0.034977,0.030167,0.039787,0.949833,0.066765,0.06277,0.070761,0.067792,5.96,2.163333,0.816667,2.216667,12000,0.9705,0.841333,0.158667,0.793333,0.033667,0.130917,130,1.0,0.0,130,6,8.745098,0.607692
closed_loop_lapse_cusum,inconsistent_guesser,400,0.014114,0.013715,0.014514,1.0,0.05018,0.044905,0.055454,0.91425,0.079651,0.075396,0.083906,0.078637,7.575,2.785,0.9875,2.88,16000,0.969313,0.846,0.154,0.9975,0.07875,0.151312,103,2,0.0,103,6.0,6.820513,0.242718
closed_loop_lapse_cusum,fast_master,300,0.014353,0.013613,0.015093,1.0,0.036097,0.031472,0.040722,0.953083,0.042056,0.039317,0.044794,0.039847,3.683333,1.543333,0.973333,1.593333,12000,0.96975,0.847583,0.152417,1.0,0.064583,0.090917,29,3,0.0,29,4.0,4.5,0.241379
closed_loop_lapse_cusum_slew,all,1000,0.015177,0.014921,0.015433,1.0,0.047196,0.044504,0.049889,0.888425,0.057768,0.05577,0.059766,0.056429,7.087,0.037,0.03,0.0,40000,0.969825,0.847925,0.152075,0.912,0.06675,0.127375,262,1.5,0.0,262,5,7.532374,0.469466
closed_loop_lapse_cusum_slew,struggling_novice,300,0.013769,0.013397,0.014141,1.0,0.039707,0.035334,0.044081,0.908167,0.059574,0.056212,0.062935,0.060578,6.993333,0.033333,0.023333,0.0,12000,0.970417,0.841583,0.158417,0.73,0.03925,0.130833,130,1.0,0.0,130,6.0,8.673913,0.646154
closed_loop_lapse_cusum_slew,inconsistent_guesser,400,0.0151,0.014709,0.015491,1.0,0.05712,0.052334,0.061906,0.8605,0.070081,0.066629,0.073534,0.068463,8.8225,0.0575,0.0475,0.0,16000,0.969125,0.847187,0.152812,0.9825,0.085375,0.152125,103,2,0.0,103,7.0,7.418919,0.281553
closed_loop_lapse_cusum_slew,fast_master,300,0.016688,0.016175,0.017202,1.0,0.041454,0.037209,0.045698,0.905917,0.039544,0.037295,0.041793,0.036234,4.866667,0.013333,0.013333,0.0,12000,0.970167,0.85525,0.14475,1.0,0.069417,0.090917,29,3,0.0,29,5,5.210526,0.344828
