cohort,variant,archetype,n_runs,mean_delta_m,mean_delta_m_ci_lo,mean_delta_m_ci_hi,fidelity,mean_delta_m_ref,mean_delta_m_ref_ci_lo,mean_delta_m_ref_ci_hi,fidelity_ref,jitter,jitter_ci_lo,jitter_ci_hi,target_jitter,level_changes_per_run,level_skips_per_run,runs_with_level_skip,target_level_skips_per_run,generation_attempts,schema_compliance,plant_budget_compliance,fallback_rate,reached_level4,overload_rate,underload_rate,itae_mismatch,n_react_events,tau_react_median,tau_react_censored,n_recover_events,tau_recover_median,tau_recover_mean,tau_recover_censored
main,closed_loop,all,1000,0.012155,0.011905,0.012405,1.0,0.012155,0.011905,0.012405,1.0,0.035017,0.033581,0.036452,0.033567,4.416,0.668,0.361,0.682,40000,0.970625,0.84585,0.15415,0.947,0.002,0.12115,0.072689,54,1,0.055556,51,5.0,7.911765,0.333333
main,forgetting_pf_0.01,all,1000,0.01255,0.01231,0.012791,1.0,0.095778,0.091529,0.100028,0.57905,0.069911,0.067434,0.072388,0.068559,9.304,1.446,0.783,1.472,40000,0.970775,0.842275,0.157725,0.937,0.0008,0.193525,0.153734,53,1,0.0,53,5,7.27027,0.301887
main,forgetting_pf_0.02,all,1000,0.012322,0.012105,0.012539,1.0,0.162825,0.157152,0.168497,0.417525,0.060926,0.058727,0.063125,0.06062,8.924,1.017,0.466,1.105,40000,0.970425,0.8427,0.1573,0.883,0.000675,0.2512,0.223182,53,1,0.0,53,4.5,7.0,0.320755
main,forgetting_pf_0.05,all,1000,0.010885,0.010609,0.011161,1.0,0.447974,0.437737,0.458211,0.29225,0.017633,0.016869,0.018396,0.015869,4.066,0.0,0.0,0.0,40000,0.970825,0.8451,0.1549,0.0,0.0,0.80045,0.892023,50,1.0,0.0,50,4.0,6.777778,0.28
main,forgetting_pf_0.1,all,1000,0.016813,0.016617,0.017009,1.0,0.470031,0.45931,0.480751,0.283475,0.021019,0.020256,0.021782,0.022033,4.923,0.0,0.0,0.0,40000,0.970425,0.838025,0.161975,0.0,0.0,0.80045,0.892023,27,1,0.0,27,5.0,5.277778,0.333333
main,lapse_cusum_h_3.0,all,1000,0.011856,0.01163,0.012081,1.0,0.06812,0.063429,0.072811,0.859525,0.06089,0.058213,0.063568,0.059926,6.785,1.701,0.601,1.736,40000,0.97045,0.84425,0.15575,0.947,0.00185,0.19475,0.175538,54,1.0,0.0,54,5.0,7.638889,0.333333
main,lapse_cusum_h_4.5,all,1000,0.012021,0.011787,0.012256,1.0,0.049811,0.045945,0.053677,0.912175,0.052855,0.050478,0.055232,0.05189,6.042,1.449,0.549,1.468,40000,0.9705,0.844225,0.155775,0.947,0.0019,0.1725,0.145351,54,1.0,0.0,54,5.0,7.694444,0.333333
main,lapse_cusum_h_6.5,all,1000,0.012167,0.011921,0.012413,1.0,0.022502,0.020446,0.024558,0.97405,0.039276,0.03758,0.040973,0.038006,4.779,0.872,0.424,0.894,40000,0.9707,0.845375,0.154625,0.947,0.00195,0.135175,0.0934,53,1,0.0,53,5,7.857143,0.339623
main,lapse_cusum_h_9.0,all,1000,0.012159,0.011909,0.012408,1.0,0.01497,0.013891,0.01605,0.9939,0.036039,0.034553,0.037526,0.03465,4.498,0.722,0.381,0.734,40000,0.97065,0.8456,0.1544,0.947,0.001975,0.125125,0.078952,54,1.0,0.0,54,5,7.857143,0.351852
main,lapse_cusum_h_12.0,all,1000,0.012166,0.011916,0.012416,1.0,0.01276,0.012275,0.013246,0.998175,0.035221,0.033774,0.036669,0.033787,4.433,0.682,0.367,0.696,40000,0.970625,0.845825,0.154175,0.947,0.002,0.12195,0.073959,54,1,0.018519,53,5,7.828571,0.339623
lapse,closed_loop,all,1000,0.012367,0.012106,0.012628,1.0,0.012367,0.012106,0.012628,1.0,0.042186,0.040387,0.043985,0.040905,5.431,0.816,0.413,0.839,40000,0.970075,0.847025,0.152975,0.912,0.0755,0.1275,0.184391,239,1.0,0.188285,191,6,7.64486,0.439791
lapse,forgetting_pf_0.01,all,1000,0.012905,0.01264,0.01317,1.0,0.121989,0.116883,0.127094,0.55255,0.074194,0.071749,0.076639,0.073417,9.975,1.657,0.783,1.68,40000,0.971175,0.842225,0.157775,0.898,0.038125,0.205525,0.22603,221,1,0.0,221,5.0,7.412281,0.484163
lapse,forgetting_pf_0.02,all,1000,0.013146,0.012877,0.013414,1.0,0.181514,0.174956,0.188071,0.43895,0.062414,0.060334,0.064494,0.06268,9.336,1.268,0.611,1.363,40000,0.970325,0.840925,0.159075,0.796,0.029675,0.253075,0.272715,220,1.0,0.0,220,7,7.365217,0.477273
lapse,forgetting_pf_0.05,all,1000,0.012083,0.011791,0.012374,1.0,0.408003,0.396125,0.419882,0.34275,0.020284,0.019548,0.02102,0.018667,4.606,0.0,0.0,0.0,40000,0.970525,0.843,0.157,0.0,0.0,0.65935,0.722167,195,1,0.0,195,4,6.186047,0.338462
lapse,forgetting_pf_0.1,all,1000,0.01776,0.017529,0.017991,1.0,0.425564,0.413191,0.437938,0.33675,0.021251,0.020551,0.021951,0.022383,4.958,0.0,0.0,0.0,40000,0.9707,0.835975,0.164025,0.0,0.0,0.65935,0.722167,101,1,0.0,101,5.0,7.370968,0.386139
lapse,lapse_cusum_h_3.0,all,1000,0.012184,0.011952,0.012416,1.0,0.094456,0.089068,0.099845,0.819925,0.069324,0.066691,0.071957,0.068698,7.752,1.976,0.733,2.007,40000,0.97035,0.844075,0.155925,0.912,0.037425,0.1959,0.226561,223,1,0.0,223,6.0,7.584746,0.470852
lapse,lapse_cusum_h_4.5,all,1000,0.012315,0.012075,0.012556,1.0,0.077086,0.072342,0.081829,0.860275,0.063177,0.060755,0.065599,0.06257,7.15,1.794,0.711,1.816,40000,0.97,0.84435,0.15565,0.912,0.04215,0.179025,0.210255,225,1,0.0,225,5.5,7.601695,0.475556
lapse,lapse_cusum_h_6.5,all,1000,0.012326,0.012075,0.012578,1.0,0.04449,0.041128,0.047852,0.9301,0.05152,0.049448,0.053593,0.050639,6.124,1.281,0.6,1.298,40000,0.9701,0.845225,0.154775,0.912,0.056325,0.149725,0.188926,230,2.0,0.0,230,5,7.621849,0.482609
lapse,lapse_cusum_h_9.0,all,1000,0.012365,0.012107,0.012624,1.0,0.028475,0.026154,0.030796,0.96545,0.04662,0.044712,0.048527,0.045504,5.703,1.075,0.523,1.094,40000,0.97,0.846,0.154,0.912,0.064375,0.137575,0.182773,233,2,0.0,233,6,7.694215,0.480687
lapse,lapse_cusum_h_12.0,all,1000,0.012357,0.012096,0.012618,1.0,0.01821,0.016896,0.019524,0.98645,0.043693,0.041873,0.045513,0.042483,5.489,0.931,0.465,0.95,40000,0.969925,0.846625,0.153375,0.912,0.07095,0.13075,0.181987,236,2.0,0.050847,222,6,7.554622,0.463964
