probe,variant,tau_react,tau_recover,budget_jitter,level_skips,max_integral,final_budget,first_level4_step
early_lapse,closed_loop,1,5,0.063363,1,1.253,0.893497,4
early_lapse,ablation_no_derivative_filter,1,5,0.065377,1,1.253,0.916539,4
early_lapse,ablation_no_anti_windup,1,6,0.064099,2,23.633921,0.930244,4
early_lapse,ablation_level_slew_limit,1,5,0.063363,0,1.253,0.893497,4
early_lapse,closed_loop_forgetting,1,5,0.045313,1,1.253,0.771092,15
early_lapse,closed_loop_lapse_cusum,1,5,0.063363,1,1.253,0.893497,4
early_lapse,closed_loop_lapse_cusum_slew,1,5,0.063363,0,1.253,0.893497,4
saturated_lapse,closed_loop,,,0.020822,0,1.253,0.902943,4
saturated_lapse,ablation_no_derivative_filter,,,0.021197,0,1.253,0.91754,4
saturated_lapse,ablation_no_anti_windup,,,0.020522,0,34.786348,0.891236,4
saturated_lapse,ablation_level_slew_limit,,,0.020822,0,1.253,0.902943,4
saturated_lapse,closed_loop_forgetting,1,7,0.054434,1,1.253,0.770711,6
saturated_lapse,closed_loop_lapse_cusum,3,5,0.061556,1,1.253,0.890206,4
saturated_lapse,closed_loop_lapse_cusum_slew,3,5,0.064543,0,1.253,0.890206,4
prolonged_struggle,closed_loop,,3,0.020614,0,1.253,0.894821,29
prolonged_struggle,ablation_no_derivative_filter,,3,0.021167,0,1.253,0.916368,29
prolonged_struggle,ablation_no_anti_windup,,,0.0,0,22.942123,0.09087,
prolonged_struggle,ablation_level_slew_limit,,3,0.020614,0,1.253,0.894821,29
prolonged_struggle,closed_loop_forgetting,,3,0.017467,0,1.253,0.772068,31
prolonged_struggle,closed_loop_lapse_cusum,,3,0.020614,0,1.253,0.894821,29
prolonged_struggle,closed_loop_lapse_cusum_slew,,3,0.020614,0,1.253,0.894821,29
