probe,variant,step,correct,mastery,error,integral,derivative,effort,budget_raw,budget,level,committed
early_lapse,closed_loop,0,1,0.15,0.823529,0.823529,0.0,1.111765,0.097657,0.097657,1,True
early_lapse,closed_loop,1,1,0.514286,0.394958,1.218487,-0.042857,0.600546,0.231281,0.231281,1,True
early_lapse,closed_loop,2,1,0.8501,-0.000668,1.217819,-0.078134,0.0936,0.453336,0.453336,2,True
early_lapse,closed_loop,3,1,0.967512,-0.783415,0.434404,-0.148595,-0.987837,0.878219,0.878219,4,True
early_lapse,closed_loop,4,0,0.993623,-0.957485,-0.523081,-0.151143,-1.302065,0.931127,0.878219,4,False
early_lapse,closed_loop,5,0,0.946927,-0.646179,-1.169261,-0.104898,-0.961365,0.872442,0.878219,4,False
early_lapse,closed_loop,6,0,0.68393,0.195376,-0.973884,-0.010253,0.143244,0.428864,0.428864,2,True
early_lapse,closed_loop,7,0,0.276545,0.674653,-0.299232,0.0387,0.826938,0.160586,0.160586,1,True
early_lapse,closed_loop,8,0,0.1524,0.820706,0.521474,0.049436,1.095332,0.100592,0.160586,1,False
early_lapse,closed_loop,9,1,0.135543,0.840538,1.362012,0.046475,1.203139,0.082695,0.082695,1,True
early_lapse,closed_loop,10,1,0.488747,0.425004,1.787016,0.000274,0.710053,0.194645,0.194645,1,True
early_lapse,closed_loop,11,1,0.836961,0.015339,1.802355,-0.04072,0.185158,0.408465,0.408465,2,True
early_lapse,closed_loop,12,1,0.964248,-0.761655,1.0407,-0.114347,-0.88802,0.855207,0.855207,4,True
early_lapse,closed_loop,13,1,0.992964,-0.953091,0.087609,-0.122056,-1.225323,0.920609,0.920609,4,True
early_lapse,closed_loop,14,1,0.998646,-0.990976,-0.903368,-0.113639,-1.368831,0.939213,0.920609,4,False
early_lapse,closed_loop,15,1,0.999741,-0.998272,-1.901639,-0.103005,-1.474055,0.950174,0.920609,4,False
early_lapse,closed_loop,16,1,0.99995,-0.999669,-2.901309,-0.092844,-1.572213,0.958689,0.920609,4,False
early_lapse,closed_loop,17,1,0.999991,-0.999937,-3.0,-0.083586,-1.579176,0.959237,0.920609,4,False
early_lapse,closed_loop,18,1,0.999998,-0.999988,-3.0,-0.075233,-1.576316,0.959012,0.920609,4,False
early_lapse,closed_loop,19,1,1.0,-0.999998,-3.0,-0.06771,-1.573696,0.958806,0.920609,4,False
early_lapse,closed_loop,20,1,1.0,-1.0,-3.0,-0.06094,-1.571328,0.958618,0.920609,4,False
early_lapse,closed_loop,21,1,1.0,-1.0,-3.0,-0.054846,-1.569196,0.958449,0.920609,4,False
early_lapse,closed_loop,22,1,1.0,-1.0,-3.0,-0.049361,-1.567276,0.958296,0.920609,4,False
early_lapse,closed_loop,23,1,1.0,-1.0,-3.0,-0.044425,-1.565549,0.958157,0.920609,4,False
early_lapse,closed_loop,24,1,1.0,-1.0,-3.0,-0.039982,-1.563994,0.958033,0.920609,4,False
early_lapse,closed_loop,25,1,1.0,-1.0,-3.0,-0.035984,-1.562594,0.95792,0.920609,4,False
early_lapse,closed_loop,26,1,1.0,-1.0,-3.0,-0.032386,-1.561335,0.957818,0.920609,4,False
early_lapse,closed_loop,27,1,1.0,-1.0,-3.0,-0.029147,-1.560202,0.957727,0.920609,4,False
early_lapse,closed_loop,28,1,1.0,-1.0,-3.0,-0.026232,-1.559181,0.957644,0.920609,4,False
early_lapse,closed_loop,29,1,1.0,-1.0,-3.0,-0.023609,-1.558263,0.957569,0.920609,4,False
early_lapse,closed_loop,30,1,1.0,-1.0,-3.0,-0.021248,-1.557437,0.957502,0.920609,4,False
early_lapse,closed_loop,31,1,1.0,-1.0,-3.0,-0.019123,-1.556693,0.957442,0.920609,4,False
early_lapse,closed_loop,32,1,1.0,-1.0,-3.0,-0.017211,-1.556024,0.957387,0.920609,4,False
early_lapse,closed_loop,33,1,1.0,-1.0,-3.0,-0.01549,-1.555422,0.957338,0.920609,4,False
early_lapse,closed_loop,34,1,1.0,-1.0,-3.0,-0.013941,-1.554879,0.957293,0.920609,4,False
early_lapse,closed_loop,35,1,1.0,-1.0,-3.0,-0.012547,-1.554391,0.957254,0.920609,4,False
early_lapse,closed_loop,36,1,1.0,-1.0,-3.0,-0.011292,-1.553952,0.957218,0.920609,4,False
early_lapse,closed_loop,37,1,1.0,-1.0,-3.0,-0.010163,-1.553557,0.957185,0.920609,4,False
early_lapse,closed_loop,38,1,1.0,-1.0,-3.0,-0.009147,-1.553201,0.957156,0.920609,4,False
early_lapse,closed_loop,39,1,1.0,-1.0,-3.0,-0.008232,-1.552881,0.95713,0.920609,4,False
early_lapse,ablation_no_derivative_filter,0,1,0.15,0.823529,0.823529,0.0,1.111765,0.097657,0.097657,1,True
early_lapse,ablation_no_derivative_filter,1,1,0.514286,0.394958,1.218487,-0.428571,0.465546,0.282703,0.282703,2,True
early_lapse,ablation_no_derivative_filter,2,1,0.8501,-0.000668,1.217819,-0.395626,-0.017522,0.50876,0.50876,3,True
early_lapse,ablation_no_derivative_filter,3,1,0.967512,-0.783415,0.434404,-0.782747,-1.20979,0.918308,0.918308,4,True
early_lapse,ablation_no_derivative_filter,4,0,0.993623,-0.957485,-0.523081,-0.17407,-1.31009,0.932149,0.918308,4,False
early_lapse,ablation_no_derivative_filter,5,0,0.946927,-0.646179,-1.169261,0.311306,-0.815693,0.836359,0.836359,4,True
early_lapse,ablation_no_derivative_filter,6,0,0.68393,0.195376,-0.973884,0.841556,0.441377,0.292608,0.292608,2,True
early_lapse,ablation_no_derivative_filter,7,0,0.276545,0.674653,-0.299232,0.479276,0.981139,0.123221,0.123221,1,True
early_lapse,ablation_no_derivative_filter,8,0,0.1524,0.820706,0.521474,0.146053,1.129148,0.094636,0.123221,1,False
early_lapse,ablation_no_derivative_filter,9,1,0.135543,0.840538,1.362012,0.019832,1.193814,0.084121,0.123221,1,False
early_lapse,ablation_no_derivative_filter,10,1,0.488747,0.425004,1.787016,-0.415534,0.56452,0.244338,0.244338,1,True
early_lapse,ablation_no_derivative_filter,11,1,0.836961,0.015339,1.802355,-0.409664,0.056027,0.472016,0.472016,2,True
early_lapse,ablation_no_derivative_filter,12,1,0.964248,-0.761655,1.0407,-0.776995,-1.119947,0.903775,0.903775,4,True
early_lapse,ablation_no_derivative_filter,13,1,0.992964,-0.953091,0.087609,-0.191436,-1.249606,0.924086,0.903775,4,False
early_lapse,ablation_no_derivative_filter,14,1,0.998646,-0.990976,-0.903368,-0.037885,-1.342317,0.936114,0.903775,4,False
early_lapse,ablation_no_derivative_filter,15,1,0.999741,-0.998272,-1.901639,-0.007295,-1.440557,0.946905,0.903775,4,False
early_lapse,ablation_no_derivative_filter,16,1,0.99995,-0.999669,-2.901309,-0.001397,-1.540207,0.956078,0.903775,4,False
early_lapse,ablation_no_derivative_filter,17,1,0.999991,-0.999937,-3.0,-0.000267,-1.550015,0.956894,0.903775,4,False
early_lapse,ablation_no_derivative_filter,18,1,0.999998,-0.999988,-3.0,-5.1e-05,-1.550003,0.956893,0.903775,4,False
early_lapse,ablation_no_derivative_filter,19,1,1.0,-0.999998,-3.0,-1e-05,-1.550001,0.956893,0.903775,4,False
early_lapse,ablation_no_derivative_filter,20,1,1.0,-1.0,-3.0,-2e-06,-1.55,0.956893,0.903775,4,False
early_lapse,ablation_no_derivative_filter,21,1,1.0,-1.0,-3.0,-0.0,-1.55,0.956893,0.903775,4,False
early_lapse,ablation_no_derivative_filter,22,1,1.0,-1.0,-3.0,-0.0,-1.55,0.956893,0.903775,4,False
early_lapse,ablation_no_derivative_filter,23,1,1.0,-1.0,-3.0,-0.0,-1.55,0.956893,0.903775,4,False
early_lapse,ablation_no_derivative_filter,24,1,1.0,-1.0,-3.0,-0.0,-1.55,0.956893,0.903775,4,False
early_lapse,ablation_no_derivative_filter,25,1,1.0,-1.0,-3.0,-0.0,-1.55,0.956893,0.903775,4,False
early_lapse,ablation_no_derivative_filter,26,1,1.0,-1.0,-3.0,-0.0,-1.55,0.956893,0.903775,4,False
early_lapse,ablation_no_derivative_filter,27,1,1.0,-1.0,-3.0,-0.0,-1.55,0.956893,0.903775,4,False
early_lapse,ablation_no_derivative_filter,28,1,1.0,-1.0,-3.0,-0.0,-1.55,0.956893,0.903775,4,False
early_lapse,ablation_no_derivative_filter,29,1,1.0,-1.0,-3.0,-0.0,-1.55,0.956893,0.903775,4,False
early_lapse,ablation_no_derivative_filter,30,1,1.0,-1.0,-3.0,-0.0,-1.55,0.956893,0.903775,4,False
early_lapse,ablation_no_derivative_filter,31,1,1.0,-1.0,-3.0,-0.0,-1.55,0.956893,0.903775,4,False
early_lapse,ablation_no_derivative_filter,32,1,1.0,-1.0,-3.0,-0.0,-1.55,0.956893,0.903775,4,False
early_lapse,ablation_no_derivative_filter,33,1,1.0,-1.0,-3.0,-0.0,-1.55,0.956893,0.903775,4,False
early_lapse,ablation_no_derivative_filter,34,1,1.0,-1.0,-3.0,0.0,-1.55,0.956893,0.903775,4,False
early_lapse,ablation_no_derivative_filter,35,1,1.0,-1.0,-3.0,0.0,-1.55,0.956893,0.903775,4,False
early_lapse,ablation_no_derivative_filter,36,1,1.0,-1.0,-3.0,0.0,-1.55,0.956893,0.903775,4,False
early_lapse,ablation_no_derivative_filter,37,1,1.0,-1.0,-3.0,0.0,-1.55,0.956893,0.903775,4,False
early_lapse,ablation_no_derivative_filter,38,1,1.0,-1.0,-3.0,0.0,-1.55,0.956893,0.903775,4,False
early_lapse,ablation_no_derivative_filter,39,1,1.0,-1.0,-3.0,0.0,-1.55,0.956893,0.903775,4,False
early_lapse,ablation_no_anti_windup,0,1,0.15,0.823529,0.823529,0.0,1.111765,0.097657,0.097657,1,True
early_lapse,ablation_no_anti_windup,1,1,0.514286,0.394958,1.218487,-0.042857,0.600546,0.231281,0.231281,1,True
early_lapse,ablation_no_anti_windup,2,1,0.8501,-0.000668,1.217819,-0.078134,0.0936,0.453336,0.453336,2,True
early_lapse,ablation_no_anti_windup,3,1,0.967512,-0.783415,0.434404,-0.148595,-0.987837,0.878219,0.878219,4,True
early_lapse,ablation_no_anti_windup,4,0,0.993623,-0.957485,-0.523081,-0.151143,-1.302065,0.931127,0.878219,4,False
early_lapse,ablation_no_anti_windup,5,0,0.946927,-0.646179,-1.169261,-0.104898,-0.961365,0.872442,0.878219,4,False
early_lapse,ablation_no_anti_windup,6,0,0.68393,0.195376,-0.973884,-0.010253,0.143244,0.428864,0.428864,2,True
early_lapse,ablation_no_anti_windup,7,0,0.276545,0.674653,-0.299232,0.0387,0.826938,0.160586,0.160586,1,True
early_lapse,ablation_no_anti_windup,8,0,0.1524,0.820706,0.521474,0.049436,1.095332,0.100592,0.160586,1,False
early_lapse,ablation_no_anti_windup,9,1,0.135543,0.840538,1.362012,0.046475,1.203139,0.082695,0.082695,1,True
early_lapse,ablation_no_anti_windup,10,1,0.488747,0.425004,1.787016,0.000274,0.710053,0.194645,0.194645,1,True
early_lapse,ablation_no_anti_windup,11,1,0.836961,0.015339,1.802355,-0.04072,0.185158,0.408465,0.408465,2,True
early_lapse,ablation_no_anti_windup,12,1,0.964248,-0.761655,1.0407,-0.114347,-0.88802,0.855207,0.855207,4,True
early_lapse,ablation_no_anti_windup,13,1,0.992964,-0.953091,0.087609,-0.122056,-1.225323,0.920609,0.920609,4,True
early_lapse,ablation_no_anti_windup,14,1,0.998646,-0.990976,-0.903368,-0.113639,-1.368831,0.939213,0.920609,4,False
early_lapse,ablation_no_anti_windup,15,1,0.999741,-0.998272,-1.901639,-0.103005,-1.474055,0.950174,0.920609,4,False
early_lapse,ablation_no_anti_windup,16,1,0.99995,-0.999669,-2.901309,-0.092844,-1.572213,0.958689,0.920609,4,False
early_lapse,ablation_no_anti_windup,17,1,0.999991,-0.999937,-3.901246,-0.083586,-1.669301,0.96573,0.920609,4,False
early_lapse,ablation_no_anti_windup,18,1,0.999998,-0.999988,-4.901233,-0.075233,-1.76644,0.971609,0.920609,4,False
early_lapse,ablation_no_anti_windup,19,1,1.0,-0.999998,-5.901231,-0.06771,-1.863819,0.976515,0.920609,4,False
early_lapse,ablation_no_anti_windup,20,1,1.0,-1.0,-6.901231,-0.06094,-1.961451,0.9806,0.920609,4,False
early_lapse,ablation_no_anti_windup,21,1,1.0,-1.0,-7.901231,-0.054846,-2.059319,0.983994,0.983994,4,True
early_lapse,ablation_no_anti_windup,22,1,1.0,-1.0,-8.901231,-0.049361,-2.157399,0.986807,0.983994,4,False
early_lapse,ablation_no_anti_windup,23,1,1.0,-1.0,-9.901231,-0.044425,-2.255672,0.989136,0.983994,4,False
early_lapse,ablation_no_anti_windup,24,1,1.0,-1.0,-10.901231,-0.039982,-2.354117,0.99106,0.983994,4,False
early_lapse,ablation_no_anti_windup,25,1,1.0,-1.0,-11.901231,-0.035984,-2.452718,0.992648,0.983994,4,False
early_lapse,ablation_no_anti_windup,26,1,1.0,-1.0,-12.901231,-0.032386,-2.551458,0.993958,0.983994,4,False
early_lapse,ablation_no_anti_windup,27,1,1.0,-1.0,-13.901231,-0.029147,-2.650325,0.995036,0.983994,4,False
early_lapse,ablation_no_anti_windup,28,1,1.0,-1.0,-14.901231,-0.026232,-2.749304,0.995924,0.983994,4,False
early_lapse,ablation_no_anti_windup,29,1,1.0,-1.0,-15.901231,-0.023609,-2.848386,0.996654,0.983994,4,False
early_lapse,ablation_no_anti_windup,30,1,1.0,-1.0,-16.901231,-0.021248,-2.94756,0.997255,0.983994,4,False
early_lapse,ablation_no_anti_windup,31,1,1.0,-1.0,-17.901231,-0.019123,-3.046816,0.997748,0.983994,4,False
early_lapse,ablation_no_anti_windup,32,1,1.0,-1.0,-18.901231,-0.017211,-3.146147,0.998153,0.983994,4,False
early_lapse,ablation_no_anti_windup,33,1,1.0,-1.0,-19.901231,-0.01549,-3.245545,0.998485,0.983994,4,False
early_lapse,ablation_no_anti_windup,34,1,1.0,-1.0,-20.901231,-0.013941,-3.345002,0.998758,0.983994,4,False
early_lapse,ablation_no_anti_windup,35,1,1.0,-1.0,-21.901231,-0.012547,-3.444514,0.998982,0.983994,4,False
early_lapse,ablation_no_anti_windup,36,1,1.0,-1.0,-22.901231,-0.011292,-3.544075,0.999166,0.983994,4,False
early_lapse,ablation_no_anti_windup,37,1,1.0,-1.0,-23.901231,-0.010163,-3.64368,0.999316,0.983994,4,False
early_lapse,ablation_no_anti_windup,38,1,1.0,-1.0,-24.901231,-0.009147,-3.743324,0.99944,0.983994,4,False
early_lapse,ablation_no_anti_windup,39,1,1.0,-1.0,-25.901231,-0.008232,-3.843004,0.999541,0.983994,4,False
early_lapse,ablation_level_slew_limit,0,1,0.15,0.823529,0.823529,0.0,1.111765,0.097657,0.097657,1,True
early_lapse,ablation_level_slew_limit,1,1,0.514286,0.394958,1.218487,-0.042857,0.600546,0.231281,0.231281,1,True
early_lapse,ablation_level_slew_limit,2,1,0.8501,-0.000668,1.217819,-0.078134,0.0936,0.453336,0.453336,2,True
early_lapse,ablation_level_slew_limit,3,1,0.967512,-0.783415,0.434404,-0.148595,-0.987837,0.878219,0.625,3,True
early_lapse,ablation_level_slew_limit,4,0,0.993623,-0.957485,-0.523081,-0.151143,-1.302065,0.931127,0.931127,4,True
early_lapse,ablation_level_slew_limit,5,0,0.946927,-0.646179,-1.169261,-0.104898,-0.961365,0.872442,0.931127,4,False
early_lapse,ablation_level_slew_limit,6,0,0.68393,0.195376,-0.973884,-0.010253,0.143244,0.428864,0.625,3,True
early_lapse,ablation_level_slew_limit,7,0,0.276545,0.674653,-0.299232,0.0387,0.826938,0.160586,0.375,2,True
early_lapse,ablation_level_slew_limit,8,0,0.1524,0.820706,0.521474,0.049436,1.095332,0.100592,0.100592,1,True
early_lapse,ablation_level_slew_limit,9,1,0.135543,0.840538,1.362012,0.046475,1.203139,0.082695,0.100592,1,False
early_lapse,ablation_level_slew_limit,10,1,0.488747,0.425004,1.787016,0.000274,0.710053,0.194645,0.194645,1,True
early_lapse,ablation_level_slew_limit,11,1,0.836961,0.015339,1.802355,-0.04072,0.185158,0.408465,0.408465,2,True
early_lapse,ablation_level_slew_limit,12,1,0.964248,-0.761655,1.0407,-0.114347,-0.88802,0.855207,0.625,3,True
early_lapse,ablation_level_slew_limit,13,1,0.992964,-0.953091,0.087609,-0.122056,-1.225323,0.920609,0.920609,4,True
early_lapse,ablation_level_slew_limit,14,1,0.998646,-0.990976,-0.903368,-0.113639,-1.368831,0.939213,0.920609,4,False
early_lapse,ablation_level_slew_limit,15,1,0.999741,-0.998272,-1.901639,-0.103005,-1.474055,0.950174,0.920609,4,False
early_lapse,ablation_level_slew_limit,16,1,0.99995,-0.999669,-2.901309,-0.092844,-1.572213,0.958689,0.920609,4,False
early_lapse,ablation_level_slew_limit,17,1,0.999991,-0.999937,-3.0,-0.083586,-1.579176,0.959237,0.920609,4,False
early_lapse,ablation_level_slew_limit,18,1,0.999998,-0.999988,-3.0,-0.075233,-1.576316,0.959012,0.920609,4,False
early_lapse,ablation_level_slew_limit,19,1,1.0,-0.999998,-3.0,-0.06771,-1.573696,0.958806,0.920609,4,False
early_lapse,ablation_level_slew_limit,20,1,1.0,-1.0,-3.0,-0.06094,-1.571328,0.958618,0.920609,4,False
early_lapse,ablation_level_slew_limit,21,1,1.0,-1.0,-3.0,-0.054846,-1.569196,0.958449,0.920609,4,False
early_lapse,ablation_level_slew_limit,22,1,1.0,-1.0,-3.0,-0.049361,-1.567276,0.958296,0.920609,4,False
early_lapse,ablation_level_slew_limit,23,1,1.0,-1.0,-3.0,-0.044425,-1.565549,0.958157,0.920609,4,False
early_lapse,ablation_level_slew_limit,24,1,1.0,-1.0,-3.0,-0.039982,-1.563994,0.958033,0.920609,4,False
early_lapse,ablation_level_slew_limit,25,1,1.0,-1.0,-3.0,-0.035984,-1.562594,0.95792,0.920609,4,False
early_lapse,ablation_level_slew_limit,26,1,1.0,-1.0,-3.0,-0.032386,-1.561335,0.957818,0.920609,4,False
early_lapse,ablation_level_slew_limit,27,1,1.0,-1.0,-3.0,-0.029147,-1.560202,0.957727,0.920609,4,False
early_lapse,ablation_level_slew_limit,28,1,1.0,-1.0,-3.0,-0.026232,-1.559181,0.957644,0.920609,4,False
early_lapse,ablation_level_slew_limit,29,1,1.0,-1.0,-3.0,-0.023609,-1.558263,0.957569,0.920609,4,False
early_lapse,ablation_level_slew_limit,30,1,1.0,-1.0,-3.0,-0.021248,-1.557437,0.957502,0.920609,4,False
early_lapse,ablation_level_slew_limit,31,1,1.0,-1.0,-3.0,-0.019123,-1.556693,0.957442,0.920609,4,False
early_lapse,ablation_level_slew_limit,32,1,1.0,-1.0,-3.0,-0.017211,-1.556024,0.957387,0.920609,4,False
early_lapse,ablation_level_slew_limit,33,1,1.0,-1.0,-3.0,-0.01549,-1.555422,0.957338,0.920609,4,False
early_lapse,ablation_level_slew_limit,34,1,1.0,-1.0,-3.0,-0.013941,-1.554879,0.957293,0.920609,4,False
early_lapse,ablation_level_slew_limit,35,1,1.0,-1.0,-3.0,-0.012547,-1.554391,0.957254,0.920609,4,False
early_lapse,ablation_level_slew_limit,36,1,1.0,-1.0,-3.0,-0.011292,-1.553952,0.957218,0.920609,4,False
early_lapse,ablation_level_slew_limit,37,1,1.0,-1.0,-3.0,-0.010163,-1.553557,0.957185,0.920609,4,False
early_lapse,ablation_level_slew_limit,38,1,1.0,-1.0,-3.0,-0.009147,-1.553201,0.957156,0.920609,4,False
early_lapse,ablation_level_slew_limit,39,1,1.0,-1.0,-3.0,-0.008232,-1.552881,0.95713,0.920609,4,False
saturated_lapse,closed_loop,0,1,0.15,0.823529,0.823529,0.0,1.111765,0.097657,0.097657,1,True
saturated_lapse,closed_loop,1,1,0.514286,0.394958,1.218487,-0.042857,0.600546,0.231281,0.231281,1,True
saturated_lapse,closed_loop,2,1,0.8501,-0.000668,1.217819,-0.078134,0.0936,0.453336,0.453336,2,True
saturated_lapse,closed_loop,3,1,0.967512,-0.783415,0.434404,-0.148595,-0.987837,0.878219,0.878219,4,True
saturated_lapse,closed_loop,4,1,0.993623,-0.957485,-0.523081,-0.151143,-1.302065,0.931127,0.878219,4,False
saturated_lapse,closed_loop,5,1,0.998774,-0.991826,-1.514907,-0.139463,-1.440085,0.946857,0.946857,4,True
saturated_lapse,closed_loop,6,1,0.999765,-0.998435,-2.513342,-0.126177,-1.54354,0.956357,0.946857,4,False
saturated_lapse,closed_loop,7,1,0.999955,-0.999701,-3.0,-0.113686,-1.589416,0.96003,0.946857,4,False
saturated_lapse,closed_loop,8,1,0.999991,-0.999943,-3.0,-0.102342,-1.585748,0.959747,0.946857,4,False
saturated_lapse,closed_loop,9,1,0.999998,-0.999989,-3.0,-0.092112,-1.582226,0.959474,0.946857,4,False
saturated_lapse,closed_loop,10,1,1.0,-0.999998,-3.0,-0.082902,-1.579013,0.959224,0.946857,4,False
saturated_lapse,closed_loop,11,1,1.0,-1.0,-3.0,-0.074612,-1.576114,0.958996,0.946857,4,False
saturated_lapse,closed_loop,12,1,1.0,-1.0,-3.0,-0.067151,-1.573503,0.958791,0.946857,4,False
saturated_lapse,closed_loop,13,1,1.0,-1.0,-3.0,-0.060436,-1.571152,0.958604,0.946857,4,False
saturated_lapse,closed_loop,14,1,1.0,-1.0,-3.0,-0.054392,-1.569037,0.958436,0.946857,4,False
saturated_lapse,closed_loop,15,0,1.0,-1.0,-3.0,-0.048953,-1.567133,0.958284,0.946857,4,False
saturated_lapse,closed_loop,16,0,1.0,-1.0,-3.0,-0.044058,-1.56542,0.958147,0.946857,4,False
saturated_lapse,closed_loop,17,0,1.0,-1.0,-3.0,-0.039652,-1.563878,0.958023,0.946857,4,False
saturated_lapse,closed_loop,18,0,1.0,-1.0,-3.0,-0.035687,-1.56249,0.957911,0.946857,4,False
saturated_lapse,closed_loop,19,0,1.0,-0.999997,-3.0,-0.032118,-1.561237,0.95781,0.946857,4,False
saturated_lapse,closed_loop,20,1,0.999996,-0.999972,-3.0,-0.028903,-1.560081,0.957717,0.946857,4,False
saturated_lapse,closed_loop,21,1,0.999999,-0.999995,-3.0,-0.026015,-1.559099,0.957637,0.946857,4,False
saturated_lapse,closed_loop,22,1,1.0,-0.999999,-3.0,-0.023414,-1.558194,0.957564,0.946857,4,False
saturated_lapse,closed_loop,23,1,1.0,-1.0,-3.0,-0.021073,-1.557375,0.957497,0.946857,4,False
saturated_lapse,closed_loop,24,1,1.0,-1.0,-3.0,-0.018966,-1.556638,0.957437,0.946857,4,False
saturated_lapse,closed_loop,25,1,1.0,-1.0,-3.0,-0.017069,-1.555974,0.957383,0.946857,4,False
saturated_lapse,closed_loop,26,1,1.0,-1.0,-3.0,-0.015362,-1.555377,0.957334,0.946857,4,False
saturated_lapse,closed_loop,27,1,1.0,-1.0,-3.0,-0.013826,-1.554839,0.95729,0.946857,4,False
saturated_lapse,closed_loop,28,1,1.0,-1.0,-3.0,-0.012443,-1.554355,0.957251,0.946857,4,False
saturated_lapse,closed_loop,29,1,1.0,-1.0,-3.0,-0.011199,-1.55392,0.957215,0.946857,4,False
saturated_lapse,closed_loop,30,1,1.0,-1.0,-3.0,-0.010079,-1.553528,0.957183,0.946857,4,False
saturated_lapse,closed_loop,31,1,1.0,-1.0,-3.0,-0.009071,-1.553175,0.957154,0.946857,4,False
saturated_lapse,closed_loop,32,1,1.0,-1.0,-3.0,-0.008164,-1.552857,0.957128,0.946857,4,False
saturated_lapse,closed_loop,33,1,1.0,-1.0,-3.0,-0.007348,-1.552572,0.957104,0.946857,4,False
saturated_lapse,closed_loop,34,1,1.0,-1.0,-3.0,-0.006613,-1.552315,0.957083,0.946857,4,False
saturated_lapse,closed_loop,35,1,1.0,-1.0,-3.0,-0.005952,-1.552083,0.957064,0.946857,4,False
saturated_lapse,closed_loop,36,1,1.0,-1.0,-3.0,-0.005356,-1.551875,0.957047,0.946857,4,False
saturated_lapse,closed_loop,37,1,1.0,-1.0,-3.0,-0.004821,-1.551687,0.957032,0.946857,4,False
saturated_lapse,closed_loop,38,1,1.0,-1.0,-3.0,-0.004339,-1.551519,0.957018,0.946857,4,False
saturated_lapse,closed_loop,39,1,1.0,-1.0,-3.0,-0.003905,-1.551367,0.957005,0.946857,4,False
saturated_lapse,ablation_no_derivative_filter,0,1,0.15,0.823529,0.823529,0.0,1.111765,0.097657,0.097657,1,True
saturated_lapse,ablation_no_derivative_filter,1,1,0.514286,0.394958,1.218487,-0.428571,0.465546,0.282703,0.282703,2,True
saturated_lapse,ablation_no_derivative_filter,2,1,0.8501,-0.000668,1.217819,-0.395626,-0.017522,0.50876,0.50876,3,True
saturated_lapse,ablation_no_derivative_filter,3,1,0.967512,-0.783415,0.434404,-0.782747,-1.20979,0.918308,0.918308,4,True
saturated_lapse,ablation_no_derivative_filter,4,1,0.993623,-0.957485,-0.523081,-0.17407,-1.31009,0.932149,0.918308,4,False
saturated_lapse,ablation_no_derivative_filter,5,1,0.998774,-0.991826,-1.514907,-0.034341,-1.403292,0.943031,0.918308,4,False
saturated_lapse,ablation_no_derivative_filter,6,1,0.999765,-0.998435,-2.513342,-0.006609,-1.501691,0.952727,0.918308,4,False
saturated_lapse,ablation_no_derivative_filter,7,1,0.999955,-0.999701,-3.0,-0.001266,-1.550069,0.956898,0.918308,4,False
saturated_lapse,ablation_no_derivative_filter,8,1,0.999991,-0.999943,-3.0,-0.000242,-1.550013,0.956894,0.918308,4,False
saturated_lapse,ablation_no_derivative_filter,9,1,0.999998,-0.999989,-3.0,-4.6e-05,-1.550003,0.956893,0.918308,4,False
saturated_lapse,ablation_no_derivative_filter,10,1,1.0,-0.999998,-3.0,-9e-06,-1.55,0.956893,0.918308,4,False
saturated_lapse,ablation_no_derivative_filter,11,1,1.0,-1.0,-3.0,-2e-06,-1.55,0.956893,0.918308,4,False
saturated_lapse,ablation_no_derivative_filter,12,1,1.0,-1.0,-3.0,-0.0,-1.55,0.956893,0.918308,4,False
saturated_lapse,ablation_no_derivative_filter,13,1,1.0,-1.0,-3.0,-0.0,-1.55,0.956893,0.918308,4,False
saturated_lapse,ablation_no_derivative_filter,14,1,1.0,-1.0,-3.0,-0.0,-1.55,0.956893,0.918308,4,False
saturated_lapse,ablation_no_derivative_filter,15,0,1.0,-1.0,-3.0,-0.0,-1.55,0.956893,0.918308,4,False
saturated_lapse,ablation_no_derivative_filter,16,0,1.0,-1.0,-3.0,0.0,-1.55,0.956893,0.918308,4,False
saturated_lapse,ablation_no_derivative_filter,17,0,1.0,-1.0,-3.0,0.0,-1.55,0.956893,0.918308,4,False
saturated_lapse,ablation_no_derivative_filter,18,0,1.0,-1.0,-3.0,0.0,-1.549999,0.956893,0.918308,4,False
saturated_lapse,ablation_no_derivative_filter,19,0,1.0,-0.999997,-3.0,3e-06,-1.549995,0.956892,0.918308,4,False
saturated_lapse,ablation_no_derivative_filter,20,1,0.999996,-0.999972,-3.0,2.5e-05,-1.549956,0.956889,0.918308,4,False
saturated_lapse,ablation_no_derivative_filter,21,1,0.999999,-0.999995,-3.0,-2.3e-05,-1.550001,0.956893,0.918308,4,False
saturated_lapse,ablation_no_derivative_filter,22,1,1.0,-0.999999,-3.0,-4e-06,-1.55,0.956893,0.918308,4,False
saturated_lapse,ablation_no_derivative_filter,23,1,1.0,-1.0,-3.0,-1e-06,-1.55,0.956893,0.918308,4,False
saturated_lapse,ablation_no_derivative_filter,24,1,1.0,-1.0,-3.0,-0.0,-1.55,0.956893,0.918308,4,False
saturated_lapse,ablation_no_derivative_filter,25,1,1.0,-1.0,-3.0,-0.0,-1.55,0.956893,0.918308,4,False
saturated_lapse,ablation_no_derivative_filter,26,1,1.0,-1.0,-3.0,-0.0,-1.55,0.956893,0.918308,4,False
saturated_lapse,ablation_no_derivative_filter,27,1,1.0,-1.0,-3.0,-0.0,-1.55,0.956893,0.918308,4,False
saturated_lapse,ablation_no_derivative_filter,28,1,1.0,-1.0,-3.0,-0.0,-1.55,0.956893,0.918308,4,False
saturated_lapse,ablation_no_derivative_filter,29,1,1.0,-1.0,-3.0,-0.0,-1.55,0.956893,0.918308,4,False
saturated_lapse,ablation_no_derivative_filter,30,1,1.0,-1.0,-3.0,-0.0,-1.55,0.956893,0.918308,4,False
saturated_lapse,ablation_no_derivative_filter,31,1,1.0,-1.0,-3.0,-0.0,-1.55,0.956893,0.918308,4,False
saturated_lapse,ablation_no_derivative_filter,32,1,1.0,-1.0,-3.0,-0.0,-1.55,0.956893,0.918308,4,False
saturated_lapse,ablation_no_derivative_filter,33,1,1.0,-1.0,-3.0,-0.0,-1.55,0.956893,0.918308,4,False
saturated_lapse,ablation_no_derivative_filter,34,1,1.0,-1.0,-3.0,-0.0,-1.55,0.956893,0.918308,4,False
saturated_lapse,ablation_no_derivative_filter,35,1,1.0,-1.0,-3.0,-0.0,-1.55,0.956893,0.918308,4,False
saturated_lapse,ablation_no_derivative_filter,36,1,1.0,-1.0,-3.0,-0.0,-1.55,0.956893,0.918308,4,False
saturated_lapse,ablation_no_derivative_filter,37,1,1.0,-1.0,-3.0,0.0,-1.55,0.956893,0.918308,4,False
saturated_lapse,ablation_no_derivative_filter,38,1,1.0,-1.0,-3.0,0.0,-1.55,0.956893,0.918308,4,False
saturated_lapse,ablation_no_derivative_filter,39,1,1.0,-1.0,-3.0,0.0,-1.55,0.956893,0.918308,4,False
saturated_lapse,ablation_no_anti_windup,0,1,0.15,0.823529,0.823529,0.0,1.111765,0.097657,0.097657,1,True
saturated_lapse,ablation_no_anti_windup,1,1,0.514286,0.394958,1.218487,-0.042857,0.600546,0.231281,0.231281,1,True
saturated_lapse,ablation_no_anti_windup,2,1,0.8501,-0.000668,1.217819,-0.078134,0.0936,0.453336,0.453336,2,True
saturated_lapse,ablation_no_anti_windup,3,1,0.967512,-0.783415,0.434404,-0.148595,-0.987837,0.878219,0.878219,4,True
saturated_lapse,ablation_no_anti_windup,4,1,0.993623,-0.957485,-0.523081,-0.151143,-1.302065,0.931127,0.878219,4,False
saturated_lapse,ablation_no_anti_windup,5,1,0.998774,-0.991826,-1.514907,-0.139463,-1.440085,0.946857,0.946857,4,True
saturated_lapse,ablation_no_anti_windup,6,1,0.999765,-0.998435,-2.513342,-0.126177,-1.54354,0.956357,0.946857,4,False
saturated_lapse,ablation_no_anti_windup,7,1,0.999955,-0.999701,-3.513043,-0.113686,-1.64072,0.963787,0.946857,4,False
saturated_lapse,ablation_no_anti_windup,8,1,0.999991,-0.999943,-4.512985,-0.102342,-1.737047,0.969942,0.946857,4,False
saturated_lapse,ablation_no_anti_windup,9,1,0.999998,-0.999989,-5.512974,-0.092112,-1.833523,0.975085,0.946857,4,False
saturated_lapse,ablation_no_anti_windup,10,1,1.0,-0.999998,-6.512972,-0.082902,-1.93031,0.979379,0.946857,4,False
saturated_lapse,ablation_no_anti_windup,11,1,1.0,-1.0,-7.512972,-0.074612,-2.027411,0.982957,0.946857,4,False
saturated_lapse,ablation_no_anti_windup,12,1,1.0,-1.0,-8.512972,-0.067151,-2.1248,0.985931,0.946857,4,False
saturated_lapse,ablation_no_anti_windup,13,1,1.0,-1.0,-9.512972,-0.060436,-2.22245,0.988398,0.946857,4,False
saturated_lapse,ablation_no_anti_windup,14,1,1.0,-1.0,-10.512972,-0.054392,-2.320334,0.990441,0.946857,4,False
saturated_lapse,ablation_no_anti_windup,15,0,1.0,-1.0,-11.512972,-0.048953,-2.418431,0.992131,0.946857,4,False
saturated_lapse,ablation_no_anti_windup,16,0,1.0,-1.0,-12.512972,-0.044058,-2.516717,0.993526,0.946857,4,False
saturated_lapse,ablation_no_anti_windup,17,0,1.0,-1.0,-13.512972,-0.039652,-2.615175,0.994677,0.946857,4,False
saturated_lapse,ablation_no_anti_windup,18,0,1.0,-1.0,-14.512971,-0.035687,-2.713787,0.995625,0.946857,4,False
saturated_lapse,ablation_no_anti_windup,19,0,1.0,-0.999997,-15.512968,-0.032118,-2.812534,0.996407,0.946857,4,False
saturated_lapse,ablation_no_anti_windup,20,1,0.999996,-0.999972,-16.51294,-0.028903,-2.911375,0.997049,0.946857,4,False
saturated_lapse,ablation_no_anti_windup,21,1,0.999999,-0.999995,-17.512934,-0.026015,-3.010392,0.997578,0.946857,4,False
saturated_lapse,ablation_no_anti_windup,22,1,1.0,-0.999999,-18.512933,-0.023414,-3.109487,0.998013,0.946857,4,False
saturated_lapse,ablation_no_anti_windup,23,1,1.0,-1.0,-19.512933,-0.021073,-3.208669,0.99837,0.946857,4,False
saturated_lapse,ablation_no_anti_windup,24,1,1.0,-1.0,-20.512933,-0.018966,-3.307931,0.998663,0.946857,4,False
saturated_lapse,ablation_no_anti_windup,25,1,1.0,-1.0,-21.512933,-0.017069,-3.407267,0.998904,0.946857,4,False
saturated_lapse,ablation_no_anti_windup,26,1,1.0,-1.0,-22.512933,-0.015362,-3.50667,0.999101,0.946857,4,False
saturated_lapse,ablation_no_anti_windup,27,1,1.0,-1.0,-23.512933,-0.013826,-3.606132,0.999263,0.946857,4,False
saturated_lapse,ablation_no_anti_windup,28,1,1.0,-1.0,-24.512933,-0.012443,-3.705648,0.999396,0.946857,4,False
saturated_lapse,ablation_no_anti_windup,29,1,1.0,-1.0,-25.512933,-0.011199,-3.805213,0.999505,0.946857,4,False
saturated_lapse,ablation_no_anti_windup,30,1,1.0,-1.0,-26.512933,-0.010079,-3.904821,0.999594,0.946857,4,False
saturated_lapse,ablation_no_anti_windup,31,1,1.0,-1.0,-27.512933,-0.009071,-4.004468,0.999668,0.946857,4,False
saturated_lapse,ablation_no_anti_windup,32,1,1.0,-1.0,-28.512933,-0.008164,-4.104151,0.999728,0.946857,4,False
saturated_lapse,ablation_no_anti_windup,33,1,1.0,-1.0,-29.512933,-0.007348,-4.203865,0.999777,0.946857,4,False
saturated_lapse,ablation_no_anti_windup,34,1,1.0,-1.0,-30.512933,-0.006613,-4.303608,0.999817,0.946857,4,False
saturated_lapse,ablation_no_anti_windup,35,1,1.0,-1.0,-31.512933,-0.005952,-4.403376,0.99985,0.946857,4,False
saturated_lapse,ablation_no_anti_windup,36,1,1.0,-1.0,-32.512933,-0.005356,-4.503168,0.999877,0.946857,4,False
saturated_lapse,ablation_no_anti_windup,37,1,1.0,-1.0,-33.512933,-0.004821,-4.602981,0.9999,0.946857,4,False
saturated_lapse,ablation_no_anti_windup,38,1,1.0,-1.0,-34.512933,-0.004339,-4.702812,0.999918,0.946857,4,False
saturated_lapse,ablation_no_anti_windup,39,1,1.0,-1.0,-35.512933,-0.003905,-4.80266,0.999933,0.946857,4,False
saturated_lapse,ablation_level_slew_limit,0,1,0.15,0.823529,0.823529,0.0,1.111765,0.097657,0.097657,1,True
saturated_lapse,ablation_level_slew_limit,1,1,0.514286,0.394958,1.218487,-0.042857,0.600546,0.231281,0.231281,1,True
saturated_lapse,ablation_level_slew_limit,2,1,0.8501,-0.000668,1.217819,-0.078134,0.0936,0.453336,0.453336,2,True
saturated_lapse,ablation_level_slew_limit,3,1,0.967512,-0.783415,0.434404,-0.148595,-0.987837,0.878219,0.625,3,True
saturated_lapse,ablation_level_slew_limit,4,1,0.993623,-0.957485,-0.523081,-0.151143,-1.302065,0.931127,0.931127,4,True
saturated_lapse,ablation_level_slew_limit,5,1,0.998774,-0.991826,-1.514907,-0.139463,-1.440085,0.946857,0.931127,4,False
saturated_lapse,ablation_level_slew_limit,6,1,0.999765,-0.998435,-2.513342,-0.126177,-1.54354,0.956357,0.931127,4,False
saturated_lapse,ablation_level_slew_limit,7,1,0.999955,-0.999701,-3.0,-0.113686,-1.589416,0.96003,0.931127,4,False
saturated_lapse,ablation_level_slew_limit,8,1,0.999991,-0.999943,-3.0,-0.102342,-1.585748,0.959747,0.931127,4,False
saturated_lapse,ablation_level_slew_limit,9,1,0.999998,-0.999989,-3.0,-0.092112,-1.582226,0.959474,0.931127,4,False
saturated_lapse,ablation_level_slew_limit,10,1,1.0,-0.999998,-3.0,-0.082902,-1.579013,0.959224,0.931127,4,False
saturated_lapse,ablation_level_slew_limit,11,1,1.0,-1.0,-3.0,-0.074612,-1.576114,0.958996,0.931127,4,False
saturated_lapse,ablation_level_slew_limit,12,1,1.0,-1.0,-3.0,-0.067151,-1.573503,0.958791,0.931127,4,False
saturated_lapse,ablation_level_slew_limit,13,1,1.0,-1.0,-3.0,-0.060436,-1.571152,0.958604,0.931127,4,False
saturated_lapse,ablation_level_slew_limit,14,1,1.0,-1.0,-3.0,-0.054392,-1.569037,0.958436,0.931127,4,False
saturated_lapse,ablation_level_slew_limit,15,0,1.0,-1.0,-3.0,-0.048953,-1.567133,0.958284,0.931127,4,False
saturated_lapse,ablation_level_slew_limit,16,0,1.0,-1.0,-3.0,-0.044058,-1.56542,0.958147,0.931127,4,False
saturated_lapse,ablation_level_slew_limit,17,0,1.0,-1.0,-3.0,-0.039652,-1.563878,0.958023,0.931127,4,False
saturated_lapse,ablation_level_slew_limit,18,0,1.0,-1.0,-3.0,-0.035687,-1.56249,0.957911,0.931127,4,False
saturated_lapse,ablation_level_slew_limit,19,0,1.0,-0.999997,-3.0,-0.032118,-1.561237,0.95781,0.931127,4,False
saturated_lapse,ablation_level_slew_limit,20,1,0.999996,-0.999972,-3.0,-0.028903,-1.560081,0.957717,0.931127,4,False
saturated_lapse,ablation_level_slew_limit,21,1,0.999999,-0.999995,-3.0,-0.026015,-1.559099,0.957637,0.931127,4,False
saturated_lapse,ablation_level_slew_limit,22,1,1.0,-0.999999,-3.0,-0.023414,-1.558194,0.957564,0.931127,4,False
saturated_lapse,ablation_level_slew_limit,23,1,1.0,-1.0,-3.0,-0.021073,-1.557375,0.957497,0.931127,4,False
saturated_lapse,ablation_level_slew_limit,24,1,1.0,-1.0,-3.0,-0.018966,-1.556638,0.957437,0.931127,4,False
saturated_lapse,ablation_level_slew_limit,25,1,1.0,-1.0,-3.0,-0.017069,-1.555974,0.957383,0.931127,4,False
saturated_lapse,ablation_level_slew_limit,26,1,1.0,-1.0,-3.0,-0.015362,-1.555377,0.957334,0.931127,4,False
saturated_lapse,ablation_level_slew_limit,27,1,1.0,-1.0,-3.0,-0.013826,-1.554839,0.95729,0.931127,4,False
saturated_lapse,ablation_level_slew_limit,28,1,1.0,-1.0,-3.0,-0.012443,-1.554355,0.957251,0.931127,4,False
saturated_lapse,ablation_level_slew_limit,29,1,1.0,-1.0,-3.0,-0.011199,-1.55392,0.957215,0.931127,4,False
saturated_lapse,ablation_level_slew_limit,30,1,1.0,-1.0,-3.0,-0.010079,-1.553528,0.957183,0.931127,4,False
saturated_lapse,ablation_level_slew_limit,31,1,1.0,-1.0,-3.0,-0.009071,-1.553175,0.957154,0.931127,4,False
saturated_lapse,ablation_level_slew_limit,32,1,1.0,-1.0,-3.0,-0.008164,-1.552857,0.957128,0.931127,4,False
saturated_lapse,ablation_level_slew_limit,33,1,1.0,-1.0,-3.0,-0.007348,-1.552572,0.957104,0.931127,4,False
saturated_lapse,ablation_level_slew_limit,34,1,1.0,-1.0,-3.0,-0.006613,-1.552315,0.957083,0.931127,4,False
saturated_lapse,ablation_level_slew_limit,35,1,1.0,-1.0,-3.0,-0.005952,-1.552083,0.957064,0.931127,4,False
saturated_lapse,ablation_level_slew_limit,36,1,1.0,-1.0,-3.0,-0.005356,-1.551875,0.957047,0.931127,4,False
saturated_lapse,ablation_level_slew_limit,37,1,1.0,-1.0,-3.0,-0.004821,-1.551687,0.957032,0.931127,4,False
saturated_lapse,ablation_level_slew_limit,38,1,1.0,-1.0,-3.0,-0.004339,-1.551519,0.957018,0.931127,4,False
saturated_lapse,ablation_level_slew_limit,39,1,1.0,-1.0,-3.0,-0.003905,-1.551367,0.957005,0.931127,4,False
prolonged_struggle,closed_loop,0,0,0.15,0.823529,0.823529,0.0,1.111765,0.097657,0.097657,1,True
prolonged_struggle,closed_loop,1,0,0.13526,0.84087,1.6644,0.001734,1.218135,0.080448,0.097657,1,False
prolonged_struggle,closed_loop,2,0,0.133553,0.842879,2.507279,0.001762,1.304943,0.068505,0.097657,1,False
prolonged_struggle,closed_loop,3,0,0.133358,0.843108,3.0,0.001608,1.354448,0.06245,0.097657,1,False
prolonged_struggle,closed_loop,4,0,0.133336,0.843134,3.0,0.00145,1.354425,0.062453,0.097657,1,False
prolonged_struggle,closed_loop,5,0,0.133334,0.843137,3.0,0.001305,1.354378,0.062459,0.097657,1,False
prolonged_struggle,closed_loop,6,0,0.133333,0.843137,3.0,0.001175,1.354333,0.062464,0.097657,1,False
prolonged_struggle,closed_loop,7,0,0.133333,0.843137,3.0,0.001057,1.354292,0.062469,0.097657,1,False
prolonged_struggle,closed_loop,8,0,0.133333,0.843137,3.0,0.000952,1.354255,0.062473,0.097657,1,False
prolonged_struggle,closed_loop,9,0,0.133333,0.843137,3.0,0.000856,1.354221,0.062477,0.097657,1,False
prolonged_struggle,closed_loop,10,0,0.133333,0.843137,3.0,0.000771,1.354191,0.062481,0.097657,1,False
prolonged_struggle,closed_loop,11,0,0.133333,0.843137,3.0,0.000694,1.354164,0.062484,0.097657,1,False
prolonged_struggle,closed_loop,12,0,0.133333,0.843137,3.0,0.000624,1.35414,0.062487,0.097657,1,False
prolonged_struggle,closed_loop,13,0,0.133333,0.843137,3.0,0.000562,1.354118,0.062489,0.097657,1,False
prolonged_struggle,closed_loop,14,0,0.133333,0.843137,3.0,0.000506,1.354099,0.062491,0.097657,1,False
prolonged_struggle,closed_loop,15,0,0.133333,0.843137,3.0,0.000455,1.354081,0.062493,0.097657,1,False
prolonged_struggle,closed_loop,16,0,0.133333,0.843137,3.0,0.00041,1.354065,0.062495,0.097657,1,False
prolonged_struggle,closed_loop,17,0,0.133333,0.843137,3.0,0.000369,1.354051,0.062497,0.097657,1,False
prolonged_struggle,closed_loop,18,0,0.133333,0.843137,3.0,0.000332,1.354038,0.062499,0.097657,1,False
prolonged_struggle,closed_loop,19,0,0.133333,0.843137,3.0,0.000299,1.354026,0.0625,0.097657,1,False
prolonged_struggle,closed_loop,20,0,0.133333,0.843137,3.0,0.000269,1.354016,0.062501,0.097657,1,False
prolonged_struggle,closed_loop,21,0,0.133333,0.843137,3.0,0.000242,1.354006,0.062502,0.097657,1,False
prolonged_struggle,closed_loop,22,0,0.133333,0.843137,3.0,0.000218,1.353998,0.062503,0.097657,1,False
prolonged_struggle,closed_loop,23,0,0.133333,0.843137,3.0,0.000196,1.35399,0.062504,0.097657,1,False
prolonged_struggle,closed_loop,24,0,0.133333,0.843137,3.0,0.000176,1.353983,0.062505,0.097657,1,False
prolonged_struggle,closed_loop,25,1,0.133333,0.843137,3.0,0.000159,1.353977,0.062506,0.097657,1,False
prolonged_struggle,closed_loop,26,1,0.484685,0.429783,3.0,-0.041193,0.822811,0.161702,0.161702,1,True
prolonged_struggle,closed_loop,27,1,0.834791,0.017893,3.0,-0.078262,0.294975,0.356646,0.356646,2,True
prolonged_struggle,closed_loop,28,1,0.963702,-0.75801,2.24199,-0.148026,-0.775123,0.824949,0.824949,4,True
prolonged_struggle,closed_loop,29,1,0.992853,-0.952353,1.289637,-0.152658,-1.114908,0.902895,0.902895,4,True
prolonged_struggle,closed_loop,30,1,0.998625,-0.990834,0.298803,-0.14124,-1.258096,0.925269,0.902895,4,False
prolonged_struggle,closed_loop,31,1,0.999737,-0.998245,-0.699441,-0.127857,-1.3625,0.938486,0.902895,4,False
prolonged_struggle,closed_loop,32,1,0.99995,-0.999664,-1.699105,-0.115214,-1.459815,0.948808,0.902895,4,False
prolonged_struggle,closed_loop,33,1,0.99999,-0.999936,-2.699041,-0.103719,-1.556126,0.957395,0.902895,4,False
prolonged_struggle,closed_loop,34,1,0.999998,-0.999988,-3.0,-0.093353,-1.582658,0.959508,0.902895,4,False
prolonged_struggle,closed_loop,35,1,1.0,-0.999998,-3.0,-0.084018,-1.579403,0.959254,0.902895,4,False
prolonged_struggle,closed_loop,36,1,1.0,-1.0,-3.0,-0.075617,-1.576465,0.959024,0.902895,4,False
prolonged_struggle,closed_loop,37,1,1.0,-1.0,-3.0,-0.068055,-1.573819,0.958816,0.902895,4,False
prolonged_struggle,closed_loop,38,1,1.0,-1.0,-3.0,-0.06125,-1.571437,0.958627,0.902895,4,False
prolonged_struggle,closed_loop,39,1,1.0,-1.0,-3.0,-0.055125,-1.569294,0.958457,0.902895,4,False
prolonged_struggle,ablation_no_derivative_filter,0,0,0.15,0.823529,0.823529,0.0,1.111765,0.097657,0.097657,1,True
prolonged_struggle,ablation_no_derivative_filter,1,0,0.13526,0.84087,1.6644,0.017341,1.223597,0.079644,0.097657,1,False
prolonged_struggle,ablation_no_derivative_filter,2,0,0.133553,0.842879,2.507279,0.002009,1.30503,0.068494,0.097657,1,False
prolonged_struggle,ablation_no_derivative_filter,3,0,0.133358,0.843108,3.0,0.000229,1.353965,0.062507,0.097657,1,False
prolonged_struggle,ablation_no_derivative_filter,4,0,0.133336,0.843134,3.0,2.6e-05,1.353927,0.062512,0.097657,1,False
prolonged_struggle,ablation_no_derivative_filter,5,0,0.133334,0.843137,3.0,3e-06,1.353922,0.062512,0.097657,1,False
prolonged_struggle,ablation_no_derivative_filter,6,0,0.133333,0.843137,3.0,0.0,1.353922,0.062512,0.097657,1,False
prolonged_struggle,ablation_no_derivative_filter,7,0,0.133333,0.843137,3.0,0.0,1.353922,0.062512,0.097657,1,False
prolonged_struggle,ablation_no_derivative_filter,8,0,0.133333,0.843137,3.0,0.0,1.353922,0.062512,0.097657,1,False
prolonged_struggle,ablation_no_derivative_filter,9,0,0.133333,0.843137,3.0,0.0,1.353922,0.062512,0.097657,1,False
prolonged_struggle,ablation_no_derivative_filter,10,0,0.133333,0.843137,3.0,0.0,1.353922,0.062512,0.097657,1,False
prolonged_struggle,ablation_no_derivative_filter,11,0,0.133333,0.843137,3.0,0.0,1.353922,0.062512,0.097657,1,False
prolonged_struggle,ablation_no_derivative_filter,12,0,0.133333,0.843137,3.0,0.0,1.353922,0.062512,0.097657,1,False
prolonged_struggle,ablation_no_derivative_filter,13,0,0.133333,0.843137,3.0,0.0,1.353922,0.062512,0.097657,1,False
prolonged_struggle,ablation_no_derivative_filter,14,0,0.133333,0.843137,3.0,0.0,1.353922,0.062512,0.097657,1,False
prolonged_struggle,ablation_no_derivative_filter,15,0,0.133333,0.843137,3.0,0.0,1.353922,0.062512,0.097657,1,False
prolonged_struggle,ablation_no_derivative_filter,16,0,0.133333,0.843137,3.0,0.0,1.353922,0.062512,0.097657,1,False
prolonged_struggle,ablation_no_derivative_filter,17,0,0.133333,0.843137,3.0,0.0,1.353922,0.062512,0.097657,1,False
prolonged_struggle,ablation_no_derivative_filter,18,0,0.133333,0.843137,3.0,0.0,1.353922,0.062512,0.097657,1,False
prolonged_struggle,ablation_no_derivative_filter,19,0,0.133333,0.843137,3.0,0.0,1.353922,0.062512,0.097657,1,False
prolonged_struggle,ablation_no_derivative_filter,20,0,0.133333,0.843137,3.0,0.0,1.353922,0.062512,0.097657,1,False
prolonged_struggle,ablation_no_derivative_filter,21,0,0.133333,0.843137,3.0,0.0,1.353922,0.062512,0.097657,1,False
prolonged_struggle,ablation_no_derivative_filter,22,0,0.133333,0.843137,3.0,0.0,1.353922,0.062512,0.097657,1,False
prolonged_struggle,ablation_no_derivative_filter,23,0,0.133333,0.843137,3.0,0.0,1.353922,0.062512,0.097657,1,False
prolonged_struggle,ablation_no_derivative_filter,24,0,0.133333,0.843137,3.0,0.0,1.353922,0.062512,0.097657,1,False
prolonged_struggle,ablation_no_derivative_filter,25,1,0.133333,0.843137,3.0,0.0,1.353922,0.062512,0.097657,1,False
prolonged_struggle,ablation_no_derivative_filter,26,1,0.484685,0.429783,3.0,-0.413355,0.692554,0.20019,0.20019,1,True
prolonged_struggle,ablation_no_derivative_filter,27,1,0.834791,0.017893,3.0,-0.411889,0.178206,0.411829,0.411829,2,True
prolonged_struggle,ablation_no_derivative_filter,28,1,0.963702,-0.75801,2.24199,-0.775904,-0.99488,0.879718,0.879718,4,True
prolonged_struggle,ablation_no_derivative_filter,29,1,0.992853,-0.952353,1.289637,-0.194343,-1.129497,0.905424,0.879718,4,False
prolonged_struggle,ablation_no_derivative_filter,30,1,0.998625,-0.990834,0.298803,-0.038481,-1.22213,0.920141,0.879718,4,False
prolonged_struggle,ablation_no_derivative_filter,31,1,0.999737,-0.998245,-0.699441,-0.007411,-1.320344,0.933435,0.879718,4,False
prolonged_struggle,ablation_no_derivative_filter,32,1,0.99995,-0.999664,-1.699105,-0.00142,-1.419988,0.944798,0.944798,4,True
prolonged_struggle,ablation_no_derivative_filter,33,1,0.99999,-0.999936,-2.699041,-0.000272,-1.519919,0.954342,0.944798,4,False
prolonged_struggle,ablation_no_derivative_filter,34,1,0.999998,-0.999988,-3.0,-5.2e-05,-1.550003,0.956893,0.944798,4,False
prolonged_struggle,ablation_no_derivative_filter,35,1,1.0,-0.999998,-3.0,-1e-05,-1.550001,0.956893,0.944798,4,False
prolonged_struggle,ablation_no_derivative_filter,36,1,1.0,-1.0,-3.0,-2e-06,-1.55,0.956893,0.944798,4,False
prolonged_struggle,ablation_no_derivative_filter,37,1,1.0,-1.0,-3.0,-0.0,-1.55,0.956893,0.944798,4,False
prolonged_struggle,ablation_no_derivative_filter,38,1,1.0,-1.0,-3.0,-0.0,-1.55,0.956893,0.944798,4,False
prolonged_struggle,ablation_no_derivative_filter,39,1,1.0,-1.0,-3.0,-0.0,-1.55,0.956893,0.944798,4,False
prolonged_struggle,ablation_no_anti_windup,0,0,0.15,0.823529,0.823529,0.0,1.111765,0.097657,0.097657,1,True
prolonged_struggle,ablation_no_anti_windup,1,0,0.13526,0.84087,1.6644,0.001734,1.218135,0.080448,0.097657,1,False
prolonged_struggle,ablation_no_anti_windup,2,0,0.133553,0.842879,2.507279,0.001762,1.304943,0.068505,0.097657,1,False
prolonged_struggle,ablation_no_anti_windup,3,0,0.133358,0.843108,3.350387,0.001608,1.389486,0.058471,0.097657,1,False
prolonged_struggle,ablation_no_anti_windup,4,0,0.133336,0.843134,4.193521,0.00145,1.473777,0.049852,0.097657,1,False
prolonged_struggle,ablation_no_anti_windup,5,0,0.133334,0.843137,5.036658,0.001305,1.558044,0.042449,0.097657,1,False
prolonged_struggle,ablation_no_anti_windup,6,0,0.133333,0.843137,5.879795,0.001175,1.642312,0.036102,0.036102,1,True
prolonged_struggle,ablation_no_anti_windup,7,0,0.133333,0.843137,6.722932,0.001057,1.726585,0.030674,0.036102,1,False
prolonged_struggle,ablation_no_anti_windup,8,0,0.133333,0.843137,7.566069,0.000952,1.810862,0.02604,0.036102,1,False
prolonged_struggle,ablation_no_anti_windup,9,0,0.133333,0.843137,8.409207,0.000856,1.895142,0.02209,0.036102,1,False
prolonged_struggle,ablation_no_anti_windup,10,0,0.133333,0.843137,9.252344,0.000771,1.979426,0.018728,0.036102,1,False
prolonged_struggle,ablation_no_anti_windup,11,0,0.133333,0.843137,10.095481,0.000694,2.063712,0.015868,0.036102,1,False
prolonged_struggle,ablation_no_anti_windup,12,0,0.133333,0.843137,10.938618,0.000624,2.148002,0.01344,0.036102,1,False
prolonged_struggle,ablation_no_anti_windup,13,0,0.133333,0.843137,11.781756,0.000562,2.232294,0.011378,0.036102,1,False
prolonged_struggle,ablation_no_anti_windup,14,0,0.133333,0.843137,12.624893,0.000506,2.316588,0.00963,0.036102,1,False
prolonged_struggle,ablation_no_anti_windup,15,0,0.133333,0.843137,13.46803,0.000455,2.400884,0.008148,0.036102,1,False
prolonged_struggle,ablation_no_anti_windup,16,0,0.133333,0.843137,14.311167,0.00041,2.485182,0.006893,0.036102,1,False
prolonged_struggle,ablation_no_anti_windup,17,0,0.133333,0.843137,15.154305,0.000369,2.569481,0.00583,0.036102,1,False
prolonged_struggle,ablation_no_anti_windup,18,0,0.133333,0.843137,15.997442,0.000332,2.653782,0.00493,0.036102,1,False
prolonged_struggle,ablation_no_anti_windup,19,0,0.133333,0.843137,16.840579,0.000299,2.738084,0.004168,0.036102,1,False
prolonged_struggle,ablation_no_anti_windup,20,0,0.133333,0.843137,17.683717,0.000269,2.822387,0.003523,0.036102,1,False
prolonged_struggle,ablation_no_anti_windup,21,0,0.133333,0.843137,18.526854,0.000242,2.906692,0.002978,0.036102,1,False
prolonged_struggle,ablation_no_anti_windup,22,0,0.133333,0.843137,19.369991,0.000218,2.990997,0.002517,0.036102,1,False
prolonged_struggle,ablation_no_anti_windup,23,0,0.133333,0.843137,20.213128,0.000196,3.075303,0.002128,0.036102,1,False
prolonged_struggle,ablation_no_anti_windup,24,0,0.133333,0.843137,21.056266,0.000176,3.15961,0.001798,0.036102,1,False
prolonged_struggle,ablation_no_anti_windup,25,1,0.133333,0.843137,21.899403,0.000159,3.243917,0.00152,0.036102,1,False
prolonged_struggle,ablation_no_anti_windup,26,1,0.484685,0.429783,22.329186,-0.041193,2.75573,0.004024,0.036102,1,False
prolonged_struggle,ablation_no_anti_windup,27,1,0.834791,0.017893,22.347079,-0.078262,2.229683,0.011437,0.036102,1,False
prolonged_struggle,ablation_no_anti_windup,28,1,0.963702,-0.75801,21.589069,-0.148026,1.159585,0.089548,0.036102,1,False
prolonged_struggle,ablation_no_anti_windup,29,1,0.992853,-0.952353,20.636716,-0.152658,0.8198,0.162519,0.162519,1,True
prolonged_struggle,ablation_no_anti_windup,30,1,0.998625,-0.990834,19.645882,-0.14124,0.676612,0.205344,0.162519,1,False
prolonged_struggle,ablation_no_anti_windup,31,1,0.999737,-0.998245,18.647638,-0.127857,0.572208,0.24151,0.24151,1,True
prolonged_struggle,ablation_no_anti_windup,32,1,0.99995,-0.999664,17.647974,-0.115214,0.474892,0.278928,0.24151,1,False
prolonged_struggle,ablation_no_anti_windup,33,1,0.99999,-0.999936,16.648038,-0.103719,0.378582,0.319262,0.319262,2,True
prolonged_struggle,ablation_no_anti_windup,34,1,0.999998,-0.999988,15.64805,-0.093353,0.282147,0.362555,0.319262,2,False
prolonged_struggle,ablation_no_anti_windup,35,1,1.0,-0.999998,14.648053,-0.084018,0.185402,0.408347,0.408347,2,True
prolonged_struggle,ablation_no_anti_windup,36,1,1.0,-1.0,13.648053,-0.075617,0.08834,0.455945,0.408347,2,False
prolonged_struggle,ablation_no_anti_windup,37,1,1.0,-1.0,12.648053,-0.068055,-0.009014,0.504507,0.504507,3,True
prolonged_struggle,ablation_no_anti_windup,38,1,1.0,-1.0,11.648053,-0.06125,-0.106632,0.553115,0.504507,3,False
prolonged_struggle,ablation_no_anti_windup,39,1,1.0,-1.0,10.648053,-0.055125,-0.204488,0.600842,0.600842,3,True
prolonged_struggle,ablation_level_slew_limit,0,0,0.15,0.823529,0.823529,0.0,1.111765,0.097657,0.097657,1,True
prolonged_struggle,ablation_level_slew_limit,1,0,0.13526,0.84087,1.6644,0.001734,1.218135,0.080448,0.097657,1,False
prolonged_struggle,ablation_level_slew_limit,2,0,0.133553,0.842879,2.507279,0.001762,1.304943,0.068505,0.097657,1,False
prolonged_struggle,ablation_level_slew_limit,3,0,0.133358,0.843108,3.0,0.001608,1.354448,0.06245,0.097657,1,False
prolonged_struggle,ablation_level_slew_limit,4,0,0.133336,0.843134,3.0,0.00145,1.354425,0.062453,0.097657,1,False
prolonged_struggle,ablation_level_slew_limit,5,0,0.133334,0.843137,3.0,0.001305,1.354378,0.062459,0.097657,1,False
prolonged_struggle,ablation_level_slew_limit,6,0,0.133333,0.843137,3.0,0.001175,1.354333,0.062464,0.097657,1,False
prolonged_struggle,ablation_level_slew_limit,7,0,0.133333,0.843137,3.0,0.001057,1.354292,0.062469,0.097657,1,False
prolonged_struggle,ablation_level_slew_limit,8,0,0.133333,0.843137,3.0,0.000952,1.354255,0.062473,0.097657,1,False
prolonged_struggle,ablation_level_slew_limit,9,0,0.133333,0.843137,3.0,0.000856,1.354221,0.062477,0.097657,1,False
prolonged_struggle,ablation_level_slew_limit,10,0,0.133333,0.843137,3.0,0.000771,1.354191,0.062481,0.097657,1,False
prolonged_struggle,ablation_level_slew_limit,11,0,0.133333,0.843137,3.0,0.000694,1.354164,0.062484,0.097657,1,False
prolonged_struggle,ablation_level_slew_limit,12,0,0.133333,0.843137,3.0,0.000624,1.35414,0.062487,0.097657,1,False
prolonged_struggle,ablation_level_slew_limit,13,0,0.133333,0.843137,3.0,0.000562,1.354118,0.062489,0.097657,1,False
prolonged_struggle,ablation_level_slew_limit,14,0,0.133333,0.843137,3.0,0.000506,1.354099,0.062491,0.097657,1,False
prolonged_struggle,ablation_level_slew_limit,15,0,0.133333,0.843137,3.0,0.000455,1.354081,0.062493,0.097657,1,False
prolonged_struggle,ablation_level_slew_limit,16,0,0.133333,0.843137,3.0,0.00041,1.354065,0.062495,0.097657,1,False
prolonged_struggle,ablation_level_slew_limit,17,0,0.133333,0.843137,3.0,0.000369,1.354051,0.062497,0.097657,1,False
prolonged_struggle,ablation_level_slew_limit,18,0,0.133333,0.843137,3.0,0.000332,1.354038,0.062499,0.097657,1,False
prolonged_struggle,ablation_level_slew_limit,19,0,0.133333,0.843137,3.0,0.000299,1.354026,0.0625,0.097657,1,False
prolonged_struggle,ablation_level_slew_limit,20,0,0.133333,0.843137,3.0,0.000269,1.354016,0.062501,0.097657,1,False
prolonged_struggle,ablation_level_slew_limit,21,0,0.133333,0.843137,3.0,0.000242,1.354006,0.062502,0.097657,1,False
prolonged_struggle,ablation_level_slew_limit,22,0,0.133333,0.843137,3.0,0.000218,1.353998,0.062503,0.097657,1,False
prolonged_struggle,ablation_level_slew_limit,23,0,0.133333,0.843137,3.0,0.000196,1.35399,0.062504,0.097657,1,False
prolonged_struggle,ablation_level_slew_limit,24,0,0.133333,0.843137,3.0,0.000176,1.353983,0.062505,0.097657,1,False
prolonged_struggle,ablation_level_slew_limit,25,1,0.133333,0.843137,3.0,0.000159,1.353977,0.062506,0.097657,1,False
prolonged_struggle,ablation_level_slew_limit,26,1,0.484685,0.429783,3.0,-0.041193,0.822811,0.161702,0.161702,1,True
prolonged_struggle,ablation_level_slew_limit,27,1,0.834791,0.017893,3.0,-0.078262,0.294975,0.356646,0.356646,2,True
prolonged_struggle,ablation_level_slew_limit,28,1,0.963702,-0.75801,2.24199,-0.148026,-0.775123,0.824949,0.625,3,True
prolonged_struggle,ablation_level_slew_limit,29,1,0.992853,-0.952353,1.289637,-0.152658,-1.114908,0.902895,0.902895,4,True
prolonged_struggle,ablation_level_slew_limit,30,1,0.998625,-0.990834,0.298803,-0.14124,-1.258096,0.925269,0.902895,4,False
prolonged_struggle,ablation_level_slew_limit,31,1,0.999737,-0.998245,-0.699441,-0.127857,-1.3625,0.938486,0.902895,4,False
prolonged_struggle,ablation_level_slew_limit,32,1,0.99995,-0.999664,-1.699105,-0.115214,-1.459815,0.948808,0.902895,4,False
prolonged_struggle,ablation_level_slew_limit,33,1,0.99999,-0.999936,-2.699041,-0.103719,-1.556126,0.957395,0.902895,4,False
prolonged_struggle,ablation_level_slew_limit,34,1,0.999998,-0.999988,-3.0,-0.093353,-1.582658,0.959508,0.902895,4,False
prolonged_struggle,ablation_level_slew_limit,35,1,1.0,-0.999998,-3.0,-0.084018,-1.579403,0.959254,0.902895,4,False
prolonged_struggle,ablation_level_slew_limit,36,1,1.0,-1.0,-3.0,-0.075617,-1.576465,0.959024,0.902895,4,False
prolonged_struggle,ablation_level_slew_limit,37,1,1.0,-1.0,-3.0,-0.068055,-1.573819,0.958816,0.902895,4,False
prolonged_struggle,ablation_level_slew_limit,38,1,1.0,-1.0,-3.0,-0.06125,-1.571437,0.958627,0.902895,4,False
prolonged_struggle,ablation_level_slew_limit,39,1,1.0,-1.0,-3.0,-0.055125,-1.569294,0.958457,0.902895,4,False
