variant,parameter,factor,p_l0,p_t,p_g,p_s,mean_delta_m,mean_delta_m_ref,fidelity,fidelity_ref,jitter,level_skips_per_run,overload_rate,underload_rate,itae_mismatch,fallback_rate,reached_level4,delta_m_change_pct,jitter_change_pct
defaults,,1.0,0.15,0.12,0.2,0.08,0.012155,0.012155,1.0,1.0,0.035017,0.668,0.002,0.12115,0.072689,0.15415,0.947,0.0,0.0
p_l0_x0.5,p_l0,0.5,0.075,0.12,0.2,0.08,0.016071,0.020255,1.0,0.90095,0.034669,0.775,0.00175,0.1245,0.073434,0.1588,0.947,32.2,-1.0
p_l0_x1.5,p_l0,1.5,0.225,0.12,0.2,0.08,0.009822,0.014695,1.0,0.978975,0.035394,0.795,0.002125,0.12015,0.072393,0.14895,0.948,-19.2,1.1
p_t_x0.5,p_t,0.5,0.15,0.06,0.2,0.08,0.015849,0.053465,1.0,0.638575,0.033886,1.197,0.000875,0.15355,0.096418,0.1599,0.941,30.4,-3.2
p_t_x1.5,p_t,1.5,0.15,0.18,0.2,0.08,0.016595,0.04895,1.0,0.58755,0.0358,1.152,0.00275,0.10725,0.060257,0.155975,0.956,36.5,2.2
p_g_x0.5,p_g,0.5,0.15,0.12,0.1,0.08,0.013003,0.053829,1.0,0.800275,0.034538,1.118,0.004575,0.091125,0.047773,0.154225,0.957,7.0,-1.4
p_g_x1.5,p_g,1.5,0.15,0.12,0.3,0.08,0.016279,0.057774,1.0,0.7846,0.037433,0.765,0.0007,0.17195,0.115176,0.155475,0.925,33.9,6.9
p_s_x0.5,p_s,0.5,0.15,0.12,0.2,0.04,0.011773,0.033163,1.0,0.8327,0.040506,0.891,0.00195,0.13595,0.090795,0.1533,0.945,-3.1,15.7
p_s_x1.5,p_s,1.5,0.15,0.12,0.2,0.12,0.01693,0.027108,1.0,0.898075,0.03488,0.754,0.001875,0.121425,0.067451,0.1549,0.947,39.3,-0.4
