name,kp,ki,kd,gamma,s_max,hysteresis,slope,mean_delta_m,fidelity,jitter,level_skips_per_run,fallback_rate,reached_level4,overload_rate,underload_rate,itae_mismatch,cost
tuned,0.865,0.377,0.672,0.398,1.253,0.141,2.201645588778695,0.012154,1.0,0.035017,0.668,0.15415,0.947,0.002,0.12115,0.072689,0.107706
kp_x0.5,0.4325,0.377,0.672,0.398,1.253,0.141,3.253951601554724,0.014461,1.0,0.031306,1.356,0.156,0.947,0.00135,0.133625,0.078968,0.110274
kp_x1.5,1.2974999999999999,0.377,0.672,0.398,1.253,0.141,1.6636366960074946,0.011998,1.0,0.03695,0.564,0.147175,0.947,0.00205,0.121225,0.072972,0.10992199999999999
ki_x0.5,0.865,0.1885,0.672,0.398,1.253,0.141,2.6738688529972245,0.017462,1.0,0.043207,0.834,0.1541,0.949,0.002,0.1223,0.074701,0.11790800000000001
ki_x1.5,0.865,0.5655,0.672,0.398,1.253,0.141,1.8711821986903299,0.010767,1.0,0.030588,1.249,0.15245,0.947,0.001075,0.1365,0.079366,0.10995400000000001
kd_x0.5,0.865,0.377,0.336,0.398,1.253,0.141,2.201645588778695,0.011996,1.0,0.032093,0.942,0.157175,0.947,0.00135,0.132625,0.07828,0.110373
kd_x1.5,0.865,0.377,1.008,0.398,1.253,0.141,2.201645588778695,0.016194,1.0,0.038209,0.812,0.155275,0.948,0.00205,0.12145,0.073201,0.11141000000000001
gamma_x0.5,0.865,0.377,0.672,0.199,1.253,0.141,2.201645588778695,0.014594,1.0,0.033291,0.896,0.1538,0.947,0.001425,0.131375,0.077617,0.110908
gamma_x1.5,0.865,0.377,0.672,0.597,1.253,0.141,2.201645588778695,0.01208,1.0,0.038142,0.762,0.146975,0.947,0.002,0.121725,0.073399,0.111541
s_max_x0.5,0.865,0.377,0.672,0.398,0.6265,0.141,2.6738688529972245,0.016803,1.0,0.039687,0.693,0.165875,0.949,0.002275,0.1196,0.07269,0.112377
s_max_x1.5,0.865,0.377,0.672,0.398,1.8794999999999997,0.141,1.8711821986903299,0.009481,1.0,0.032077,1.164,0.1523,0.942,0.0013,0.1349,0.080079,0.112156
hysteresis_x0.5,0.865,0.377,0.672,0.398,1.253,0.0705,2.201645588778695,0.01313,1.0,0.037452,0.62,0.15265,0.947,0.002,0.12115,0.072689,0.110141
hysteresis_x1.5,0.865,0.377,0.672,0.398,1.253,0.21149999999999997,2.201645588778695,0.012312,1.0,0.031196,1.506,0.15515,0.945,0.002,0.1215,0.073226,0.104422
