weights,w_density,w_abstraction,w_depth,variant,mean_delta_m,fidelity,jitter,level_skips_per_run,fallback_rate,reached_level4,overload_rate,underload_rate,itae_mismatch,mean_delta_m_ref
equal_default,0.3333,0.3333,0.3333,unconstrained_genui,0.130983,0.320525,0.12264,2.058,0.02995,0.981,0.023775,0.054275,0.042578,0.130983
equal_default,0.3333,0.3333,0.3333,rule_based,0.123362,0.595675,0.024814,0.0,0.0,0.843,0.000225,0.244625,0.179807,0.123362
equal_default,0.3333,0.3333,0.3333,closed_loop,0.012155,1.0,0.035017,0.668,0.15415,0.947,0.002,0.12115,0.072689,0.012155
spec_original,0.4,0.35,0.25,unconstrained_genui,0.126809,0.518225,0.119369,2.162,0.030325,0.979,0.02415,0.053525,0.042175,0.126809
spec_original,0.4,0.35,0.25,rule_based,0.121285,0.67585,0.024742,0.0,0.0,0.843,0.000225,0.244625,0.179807,0.121285
spec_original,0.4,0.35,0.25,closed_loop,0.012955,1.0,0.037044,0.665,0.149975,0.947,0.00205,0.1208,0.072449,0.012955
drop_density,0.0,0.5,0.5,unconstrained_genui,0.159082,0.04,0.14056,2.611,0.0305,0.983,0.035,0.044675,0.042496,0.159082
drop_density,0.0,0.5,0.5,rule_based,0.145763,0.073875,0.021671,0.0,0.0,0.843,0.000225,0.244625,0.179807,0.145763
drop_density,0.0,0.5,0.5,closed_loop,0.062363,0.181425,0.030825,0.539,0.84085,0.947,0.0023,0.117375,0.06937,0.062363
drop_abstraction,0.5,0.0,0.5,unconstrained_genui,0.132633,0.458375,0.122744,2.323,0.029725,0.98,0.02555,0.05335,0.04271,0.132633
drop_abstraction,0.5,0.0,0.5,rule_based,0.136679,0.351325,0.022914,0.0,0.0,0.843,0.000225,0.244625,0.179807,0.136679
drop_abstraction,0.5,0.0,0.5,closed_loop,0.022802,0.994825,0.036892,0.736,0.16645,0.947,0.00205,0.120725,0.072378,0.022802
drop_depth,0.5,0.5,0.0,unconstrained_genui,0.122814,0.497825,0.114789,2.369,0.029175,0.981,0.025425,0.0532,0.042949,0.122814
drop_depth,0.5,0.5,0.0,rule_based,0.131852,0.3812,0.023883,0.0,0.0,0.843,0.000225,0.244625,0.179807,0.131852
drop_depth,0.5,0.5,0.0,closed_loop,0.02225,0.999625,0.037056,0.731,0.09535,0.947,0.002025,0.1208,0.072278,0.02225
density_heavy,0.6,0.2,0.2,unconstrained_genui,0.120124,0.49195,0.113501,2.312,0.030325,0.981,0.024575,0.0541,0.04271,0.120124
density_heavy,0.6,0.2,0.2,rule_based,0.133323,0.496225,0.02368,0.0,0.0,0.843,0.000225,0.244625,0.179807,0.133323
density_heavy,0.6,0.2,0.2,closed_loop,0.017447,1.0,0.03862,0.703,0.140075,0.948,0.002025,0.1208,0.0724,0.017447
abstraction_heavy,0.2,0.6,0.2,unconstrained_genui,0.133441,0.282925,0.124377,2.198,0.030175,0.98,0.023275,0.0541,0.041942,0.133441
abstraction_heavy,0.2,0.6,0.2,rule_based,0.119933,0.6732,0.025093,0.0,0.0,0.843,0.000225,0.244625,0.179807,0.119933
abstraction_heavy,0.2,0.6,0.2,closed_loop,0.007129,0.999625,0.037318,0.687,0.122425,0.947,0.002025,0.121,0.072651,0.007129
depth_heavy,0.2,0.2,0.6,unconstrained_genui,0.144296,0.23255,0.134821,2.209,0.029675,0.98,0.025175,0.054825,0.043789,0.144296
depth_heavy,0.2,0.2,0.6,rule_based,0.116107,0.6763,0.025792,0.0,0.0,0.843,0.000225,0.244625,0.179807,0.116107
depth_heavy,0.2,0.2,0.6,closed_loop,0.009866,0.99495,0.037854,0.669,0.11945,0.947,0.002025,0.121,0.072609,0.009866
