variant,archetype,n_runs,mean_delta_m,mean_delta_m_ci_lo,mean_delta_m_ci_hi,fidelity,mean_delta_m_ref,mean_delta_m_ref_ci_lo,mean_delta_m_ref_ci_hi,fidelity_ref,jitter,jitter_ci_lo,jitter_ci_hi,target_jitter,level_changes_per_run,level_skips_per_run,runs_with_level_skip,target_level_skips_per_run,generation_attempts,schema_compliance,plant_budget_compliance,fallback_rate,reached_level4,overload_rate,underload_rate,itae_mismatch,n_react_events,tau_react_median,tau_react_censored,n_recover_events,tau_recover_median,tau_recover_mean,tau_recover_censored
static,all,1000,0.42516,0.421019,0.429302,0.00375,0.42516,0.421019,0.429302,0.00375,0.0,0.0,0.0,0.033404,0.0,0.0,0.0,0.66,0,,,0.0,0.0,0.0,0.7924,0.887243,521,,1.0,0,,,
static,struggling_novice,300,0.365278,0.357458,0.373097,0.0055,0.365278,0.357458,0.373097,0.0055,0.0,0.0,0.0,0.038906,0.0,0.0,0.0,0.92,0,,,0.0,0.0,0.0,0.57,0.699797,368,,1.0,0,,,
static,inconsistent_guesser,400,0.433418,0.428318,0.438519,0.004812,0.433418,0.428318,0.438519,0.004812,0.0,0.0,0.0,0.037596,0.0,0.0,0.0,0.87,0,,,0.0,0.0,0.0,0.847125,0.95032,135,,1.0,0,,,
static,fast_master,300,0.474033,0.471649,0.476417,0.000583,0.474033,0.471649,0.476417,0.000583,0.0,0.0,0.0,0.022314,0.0,0.0,0.0,0.12,0,,,0.0,0.0,0.0,0.941833,0.990585,18,,1.0,0,,,
unconstrained_genui,all,1000,0.130692,0.127778,0.133605,0.3195,0.130692,0.127778,0.133605,0.3195,0.12216,0.11955,0.12477,0.033404,10.674,2.149,0.866,0.66,40000,0.97055,0.838175,0.02945,0.983,0.0249,0.05205,0.042881,388,1,0.007732,384,2.0,3.257225,0.098958
unconstrained_genui,struggling_novice,300,0.160089,0.154613,0.165565,0.262167,0.160089,0.154613,0.165565,0.262167,0.151678,0.146573,0.156783,0.038906,14.7,3.056667,0.92,0.92,12000,0.969417,0.836667,0.030583,0.946667,0.042417,0.063417,0.084167,280,1,0.003571,279,2.0,3.491736,0.132616
unconstrained_genui,inconsistent_guesser,400,0.133485,0.128994,0.137976,0.32175,0.133485,0.128994,0.137976,0.32175,0.120679,0.116987,0.12437,0.037596,10.2475,2.2975,0.885,0.87,16000,0.97075,0.842375,0.02925,0.9975,0.026438,0.056625,0.038043,97,1,0.020619,94,2,2.698925,0.010638
unconstrained_genui,fast_master,300,0.09757,0.095741,0.099399,0.373833,0.09757,0.095741,0.099399,0.373833,0.094618,0.092477,0.096759,0.022314,7.216667,1.043333,0.786667,0.12,12000,0.971417,0.834083,0.028583,1.0,0.005333,0.034583,0.008045,11,1,0.0,11,2,2.818182,0.0
rule_based,all,1000,0.122449,0.118202,0.126696,0.606625,0.122449,0.118202,0.126696,0.606625,0.024306,0.023582,0.025031,0.033404,3.81,0.0,0.0,0.66,0,,,0.0,0.835,5e-05,0.2393,0.178666,19,2,0.0,19,7,8.333333,0.526316
rule_based,struggling_novice,300,0.128318,0.118354,0.138282,0.61325,0.128318,0.118354,0.138282,0.61325,0.023648,0.021902,0.025395,0.038906,3.666667,0.0,0.0,0.92,0,,,0.0,0.55,0.0,0.285667,0.297264,11,2,0.0,11,8.0,9.5,0.636364
rule_based,inconsistent_guesser,400,0.142372,0.135715,0.149028,0.509937,0.142372,0.135715,0.149028,0.509937,0.028531,0.027437,0.029625,0.037596,4.5025,0.0,0.0,0.87,0,,,0.0,0.925,0.000125,0.26975,0.190814,7,2,0.0,7,7.5,8.25,0.428571
rule_based,fast_master,300,0.090017,0.088601,0.091434,0.728917,0.090017,0.088601,0.091434,0.728917,0.019333,0.019149,0.019516,0.022314,3.03,0.0,0.0,0.12,0,,,0.0,1.0,0.0,0.152333,0.04387,1,2,0.0,1,4,4.0,0.0
closed_loop,all,1000,0.01217,0.011923,0.012418,1.0,0.01217,0.011923,0.012418,1.0,0.034833,0.033395,0.036271,0.033404,4.414,0.636,0.333,0.66,40000,0.970875,0.846925,0.153075,0.936,0.00165,0.1165,0.071872,68,1.0,0.029412,65,3,5.0,0.307692
closed_loop,struggling_novice,300,0.014288,0.013835,0.014741,1.0,0.014288,0.013835,0.014741,1.0,0.039327,0.036086,0.042569,0.038906,5.05,0.863333,0.466667,0.92,12000,0.969833,0.834417,0.165583,0.803333,0.001583,0.142083,0.127427,43,1,0.0,42,4,5.608696,0.452381
closed_loop,inconsistent_guesser,400,0.01208,0.011725,0.012434,1.0,0.01208,0.011725,0.012434,1.0,0.038975,0.036574,0.041376,0.037596,4.8775,0.85,0.4225,0.87,16000,0.971063,0.850688,0.149312,0.9875,0.002687,0.128562,0.072116,22,1.0,0.090909,20,3,4.526316,0.05
closed_loop,fast_master,300,0.010174,0.009792,0.010555,1.0,0.010174,0.009792,0.010555,1.0,0.024816,0.024169,0.025464,0.022314,3.16,0.123333,0.08,0.12,12000,0.971667,0.854417,0.145583,1.0,0.000333,0.074833,0.015992,3,1,0.0,3,3,3.333333,0.0
ablation_no_derivative_filter,all,1000,0.013625,0.013407,0.013842,1.0,0.030148,0.028803,0.031492,0.822,0.043941,0.04175,0.046133,0.043174,4.867,1.212,0.481,1.227,40000,0.97085,0.844025,0.155975,0.939,0.001575,0.119975,0.076133,96,1.0,0.020833,93,4.0,5.385714,0.247312
ablation_no_derivative_filter,struggling_novice,300,0.015027,0.014535,0.015519,1.0,0.037701,0.03551,0.039891,0.75575,0.054491,0.049748,0.059233,0.054231,5.886667,1.77,0.616667,1.793333,12000,0.969667,0.835333,0.164667,0.81,0.0015,0.148417,0.13637,60,1.0,0.0,59,4,5.810811,0.372881
ablation_no_derivative_filter,inconsistent_guesser,400,0.013182,0.012862,0.013501,1.0,0.035693,0.03337,0.038017,0.77075,0.050434,0.046808,0.05406,0.049627,5.4425,1.5275,0.6025,1.5475,16000,0.971187,0.849063,0.150938,0.99,0.002562,0.1325,0.076049,33,1,0.060606,31,4.0,5.066667,0.032258
ablation_no_derivative_filter,fast_master,300,0.012813,0.012553,0.013073,1.0,0.015201,0.013935,0.016467,0.956583,0.024735,0.023885,0.025584,0.023513,3.08,0.233333,0.183333,0.233333,12000,0.971583,0.846,0.154,1.0,0.000333,0.074833,0.016008,3,1,0.0,3,3,3.333333,0.0
ablation_no_anti_windup,all,1000,0.015553,0.015227,0.015878,1.0,0.106949,0.101765,0.112133,0.572475,0.023289,0.022349,0.024228,0.021923,2.698,0.408,0.301,0.415,40000,0.970725,0.8421,0.1579,0.829,0.000625,0.215475,0.179021,18,1,0.277778,13,9.5,9.8,0.230769
ablation_no_anti_windup,struggling_novice,300,0.018371,0.017826,0.018916,1.0,0.147541,0.136279,0.158803,0.628,0.01568,0.013776,0.017585,0.015258,1.95,0.206667,0.12,0.21,12000,0.969667,0.828917,0.171083,0.526667,8.3e-05,0.298083,0.33113,6,1,0.166667,5,5.5,5.5,0.6
ablation_no_anti_windup,inconsistent_guesser,400,0.015645,0.015122,0.016168,1.0,0.115718,0.108462,0.122974,0.530687,0.027844,0.026226,0.029462,0.026359,3.2225,0.5,0.3325,0.51,16000,0.971125,0.847562,0.152438,0.93,0.00125,0.232688,0.173088,9,1,0.444444,5,14,12.0,0.0
ablation_no_anti_windup,fast_master,300,0.012612,0.012185,0.013039,1.0,0.054667,0.050063,0.05927,0.572667,0.024823,0.024182,0.025463,0.022672,2.746667,0.486667,0.44,0.493333,12000,0.97125,0.848,0.152,0.996667,0.000333,0.109917,0.034821,3,1,0.0,3,10,9.0,0.0
ablation_level_slew_limit,all,1000,0.012472,0.012212,0.012731,1.0,0.023386,0.022,0.024773,0.889375,0.033265,0.032027,0.034504,0.031685,4.724,0.011,0.01,0.0,40000,0.9708,0.8479,0.1521,0.931,0.001775,0.11635,0.072374,68,1.0,0.029412,65,3,5.022222,0.307692
ablation_level_slew_limit,struggling_novice,300,0.014743,0.014261,0.015225,1.0,0.027091,0.024851,0.02933,0.880167,0.036653,0.033882,0.039424,0.03623,5.463333,0.006667,0.006667,0.0,12000,0.969833,0.834917,0.165083,0.793333,0.001833,0.141667,0.127886,43,1,0.0,42,4,5.652174,0.452381
ablation_level_slew_limit,inconsistent_guesser,400,0.012439,0.01207,0.012807,1.0,0.027839,0.025306,0.030371,0.843875,0.037135,0.035055,0.039215,0.035479,5.295,0.02,0.0175,0.0,16000,0.971,0.851938,0.148063,0.9825,0.002812,0.128812,0.073134,22,1.0,0.090909,20,3,4.526316,0.05
ablation_level_slew_limit,fast_master,300,0.010245,0.009862,0.010628,1.0,0.013746,0.011938,0.015553,0.95925,0.024718,0.024115,0.025322,0.022081,3.223333,0.003333,0.003333,0.0,12000,0.9715,0.8555,0.1445,1.0,0.000333,0.074417,0.01585,3,1,0.0,3,3,3.333333,0.0
closed_loop_forgetting,all,1000,0.012415,0.012192,0.012639,1.0,0.162514,0.156891,0.168137,0.418075,0.059217,0.056957,0.061476,0.058953,8.735,1.029,0.46,1.126,40000,0.97085,0.841175,0.158825,0.876,0.00035,0.247275,0.224062,68,1.0,0.0,68,3.0,5.456522,0.323529
closed_loop_forgetting,struggling_novice,300,0.014707,0.014226,0.015187,1.0,0.16043,0.147233,0.173627,0.577417,0.060171,0.055812,0.06453,0.061012,9.02,1.226667,0.566667,1.363333,12000,0.97025,0.8325,0.1675,0.65,0.000333,0.312833,0.354549,43,1,0.0,43,4,6.16,0.418605
closed_loop_forgetting,inconsistent_guesser,400,0.011495,0.011203,0.011786,1.0,0.194702,0.186081,0.203322,0.397563,0.081513,0.078566,0.08446,0.081486,11.735,1.5625,0.675,1.7,16000,0.970938,0.846938,0.153062,0.9525,0.000625,0.3055,0.274582,22,1.0,0.0,22,3.0,4.888889,0.181818
closed_loop_forgetting,fast_master,300,0.011352,0.011074,0.01163,1.0,0.121682,0.119122,0.124241,0.286083,0.028535,0.027201,0.029869,0.026849,4.45,0.12,0.066667,0.123333,12000,0.971333,0.842167,0.157833,1.0,0.0,0.104083,0.026215,3,1,0.0,3,3,3.0,0.0
closed_loop_lapse_cusum,all,1000,0.012187,0.011943,0.01243,1.0,0.023819,0.021566,0.026073,0.975625,0.039669,0.037898,0.04144,0.038313,4.838,0.86,0.407,0.884,40000,0.971,0.846625,0.153375,0.936,0.001625,0.132525,0.095968,68,1.0,0.0,68,4,5.244444,0.338235
closed_loop_lapse_cusum,struggling_novice,300,0.014353,0.013917,0.014789,1.0,0.032681,0.027681,0.037681,0.960083,0.046745,0.042742,0.050749,0.046454,5.706667,1.233333,0.58,1.286667,12000,0.97,0.833833,0.166167,0.803333,0.001583,0.168167,0.167533,43,1,0.0,43,5,5.826087,0.465116
closed_loop_lapse_cusum,inconsistent_guesser,400,0.012072,0.011727,0.012416,1.0,0.027407,0.023455,0.031359,0.969,0.045502,0.042656,0.048347,0.044206,5.445,1.1325,0.5225,1.155,16000,0.97125,0.850375,0.149625,0.9875,0.002625,0.149062,0.102277,22,1.0,0.0,22,5,4.842105,0.136364
closed_loop_lapse_cusum,fast_master,300,0.010174,0.009792,0.010555,1.0,0.010174,0.009792,0.010555,1.0,0.024816,0.024169,0.025464,0.022314,3.16,0.123333,0.08,0.12,12000,0.971667,0.854417,0.145583,1.0,0.000333,0.074833,0.015992,3,1,0.0,3,3,3.333333,0.0
closed_loop_lapse_cusum_slew,all,1000,0.012493,0.012239,0.012748,1.0,0.033301,0.030871,0.03573,0.86525,0.037166,0.035664,0.038667,0.035661,5.259,0.008,0.008,0.0,40000,0.97085,0.847625,0.152375,0.931,0.001775,0.12955,0.092484,68,1.0,0.0,68,4,5.288889,0.338235
closed_loop_lapse_cusum_slew,struggling_novice,300,0.014825,0.014359,0.015291,1.0,0.042639,0.037734,0.047544,0.84525,0.042582,0.039206,0.045957,0.042299,6.286667,0.01,0.01,0.0,12000,0.969917,0.834833,0.165167,0.793333,0.001833,0.16325,0.16152,43,1,0.0,43,4,5.869565,0.465116
closed_loop_lapse_cusum_slew,inconsistent_guesser,400,0.012431,0.012076,0.012787,1.0,0.040963,0.036766,0.045161,0.80975,0.042439,0.040008,0.04487,0.040867,6.015,0.01,0.01,0.0,16000,0.971063,0.851313,0.148688,0.9825,0.002812,0.145625,0.098183,22,1.0,0.0,22,5,4.894737,0.136364
closed_loop_lapse_cusum_slew,fast_master,300,0.010245,0.009862,0.010628,1.0,0.013746,0.011938,0.015553,0.95925,0.024718,0.024115,0.025322,0.022081,3.223333,0.003333,0.003333,0.0,12000,0.9715,0.8555,0.1445,1.0,0.000333,0.074417,0.01585,3,1,0.0,3,3,3.333333,0.0
