mastery,budget,level,recent_errors,surrogate_scaffolding_mode,laya_scaffolding_mode,surrogate_show_balance_scale,laya_show_balance_scale,surrogate_hint_enabled,laya_hint_enabled,surrogate_density_limit,laya_density_limit,laya_mode_probabilities,laya_balance_scale_p,laya_hint_p,latency_ms
0.1333,0.0909,1,5,worked_example,worked_example,True,False,False,False,1,2,"{""worked_example"": 0.5846, ""guided_scaffold"": 0.2807, ""open_symbolic"": 0.1347}",0.0721,0.0709,1315.68
0.1353,0.0909,1,1,worked_example,worked_example,True,False,False,False,1,2,"{""worked_example"": 0.594, ""guided_scaffold"": 0.2715, ""open_symbolic"": 0.1346}",0.0861,0.0813,1304.04
0.1333,0.1195,1,5,worked_example,worked_example,True,False,False,False,1,2,"{""worked_example"": 0.586, ""guided_scaffold"": 0.2762, ""open_symbolic"": 0.1378}",0.0841,0.0772,1341.74
0.1333,0.0909,1,5,worked_example,worked_example,True,False,False,False,1,2,"{""worked_example"": 0.5846, ""guided_scaffold"": 0.2807, ""open_symbolic"": 0.1347}",0.0721,0.0709,1371.54
0.1353,0.0909,1,1,worked_example,worked_example,True,False,False,False,1,2,"{""worked_example"": 0.594, ""guided_scaffold"": 0.2715, ""open_symbolic"": 0.1346}",0.0861,0.0813,1262.86
0.1353,0.0909,1,1,worked_example,worked_example,True,False,False,False,1,2,"{""worked_example"": 0.594, ""guided_scaffold"": 0.2715, ""open_symbolic"": 0.1346}",0.0861,0.0813,1455.75
0.4847,0.0909,1,3,worked_example,worked_example,True,False,False,False,1,2,"{""worked_example"": 0.5228, ""guided_scaffold"": 0.3215, ""open_symbolic"": 0.1557}",0.0705,0.0707,1385.11
0.1333,0.1032,1,5,worked_example,worked_example,True,False,False,False,1,2,"{""worked_example"": 0.5993, ""guided_scaffold"": 0.2706, ""open_symbolic"": 0.1301}",0.0747,0.0749,1388.01
0.4986,0.0909,1,3,worked_example,worked_example,True,False,False,False,1,2,"{""worked_example"": 0.55, ""guided_scaffold"": 0.3051, ""open_symbolic"": 0.1448}",0.0727,0.0757,1424.16
0.15,0.0909,1,0,worked_example,worked_example,True,False,False,False,1,2,"{""worked_example"": 0.5877, ""guided_scaffold"": 0.2735, ""open_symbolic"": 0.1388}",0.0674,0.0746,1336.77
0.1333,0.0909,1,4,worked_example,worked_example,True,False,False,False,1,2,"{""worked_example"": 0.5708, ""guided_scaffold"": 0.288, ""open_symbolic"": 0.1412}",0.0769,0.0782,1365.18
0.1334,0.0909,1,3,worked_example,worked_example,True,False,False,False,1,2,"{""worked_example"": 0.563, ""guided_scaffold"": 0.2931, ""open_symbolic"": 0.1439}",0.0738,0.0732,1244.14
0.1409,0.0909,1,4,worked_example,worked_example,True,False,False,False,1,2,"{""worked_example"": 0.5568, ""guided_scaffold"": 0.2966, ""open_symbolic"": 0.1466}",0.0695,0.0828,1354.14
0.1409,0.0909,1,4,worked_example,worked_example,True,False,False,False,1,2,"{""worked_example"": 0.5568, ""guided_scaffold"": 0.2966, ""open_symbolic"": 0.1466}",0.0695,0.0828,1272.19
0.4854,0.075,1,4,worked_example,worked_example,True,False,False,False,1,2,"{""worked_example"": 0.5455, ""guided_scaffold"": 0.3079, ""open_symbolic"": 0.1466}",0.074,0.0751,1577.64
0.1333,0.0909,1,5,worked_example,worked_example,True,False,False,False,1,2,"{""worked_example"": 0.5846, ""guided_scaffold"": 0.2807, ""open_symbolic"": 0.1347}",0.0721,0.0709,1306.04
0.4849,0.0909,1,4,worked_example,worked_example,True,False,False,False,1,2,"{""worked_example"": 0.5387, ""guided_scaffold"": 0.3121, ""open_symbolic"": 0.1492}",0.0747,0.0749,1270.65
0.15,0.0909,1,0,worked_example,worked_example,True,False,False,False,1,2,"{""worked_example"": 0.5877, ""guided_scaffold"": 0.2735, ""open_symbolic"": 0.1388}",0.0674,0.0746,1191.86
0.1333,0.0909,1,5,worked_example,worked_example,True,False,False,False,1,2,"{""worked_example"": 0.5846, ""guided_scaffold"": 0.2807, ""open_symbolic"": 0.1347}",0.0721,0.0709,1344.97
0.1333,0.0909,1,5,worked_example,worked_example,True,False,False,False,1,2,"{""worked_example"": 0.5846, ""guided_scaffold"": 0.2807, ""open_symbolic"": 0.1347}",0.0721,0.0709,1371.6
0.15,0.0909,1,0,worked_example,worked_example,True,False,False,False,1,2,"{""worked_example"": 0.5877, ""guided_scaffold"": 0.2735, ""open_symbolic"": 0.1388}",0.0674,0.0746,1260.24
0.4847,0.0909,1,4,worked_example,worked_example,True,False,False,False,1,2,"{""worked_example"": 0.5387, ""guided_scaffold"": 0.3121, ""open_symbolic"": 0.1492}",0.0747,0.0749,1204.52
0.1333,0.0909,1,5,worked_example,worked_example,True,False,False,False,1,2,"{""worked_example"": 0.5846, ""guided_scaffold"": 0.2807, ""open_symbolic"": 0.1347}",0.0721,0.0709,1331.24
0.4847,0.0909,1,4,worked_example,worked_example,True,False,False,False,1,2,"{""worked_example"": 0.5387, ""guided_scaffold"": 0.3121, ""open_symbolic"": 0.1492}",0.0747,0.0749,1228.17
0.9432,0.2013,1,1,worked_example,worked_example,True,False,False,False,2,2,"{""worked_example"": 0.5861, ""guided_scaffold"": 0.2791, ""open_symbolic"": 0.1348}",0.0894,0.0799,1289.04
0.1957,0.0909,1,4,worked_example,worked_example,True,False,False,False,1,2,"{""worked_example"": 0.5643, ""guided_scaffold"": 0.2861, ""open_symbolic"": 0.1497}",0.0756,0.0804,1257.93
0.1334,0.0909,1,4,worked_example,worked_example,True,False,False,False,1,2,"{""worked_example"": 0.5708, ""guided_scaffold"": 0.288, ""open_symbolic"": 0.1412}",0.0769,0.0782,1291.05
0.3721,0.1039,1,2,worked_example,worked_example,True,False,False,False,1,2,"{""worked_example"": 0.5408, ""guided_scaffold"": 0.304, ""open_symbolic"": 0.1552}",0.0685,0.0684,1140.91
0.7422,0.2123,1,2,worked_example,worked_example,True,False,True,False,2,2,"{""worked_example"": 0.5371, ""guided_scaffold"": 0.308, ""open_symbolic"": 0.1549}",0.0848,0.0778,1187.19
0.1336,0.0909,1,2,worked_example,worked_example,True,False,False,False,1,2,"{""worked_example"": 0.5614, ""guided_scaffold"": 0.2931, ""open_symbolic"": 0.1456}",0.0826,0.0724,1160.45
0.1333,0.0909,1,5,worked_example,worked_example,True,False,False,False,1,2,"{""worked_example"": 0.5846, ""guided_scaffold"": 0.2807, ""open_symbolic"": 0.1347}",0.0721,0.0709,1238.14
0.1343,0.0909,1,3,worked_example,worked_example,True,False,False,False,1,2,"{""worked_example"": 0.563, ""guided_scaffold"": 0.2931, ""open_symbolic"": 0.1439}",0.0738,0.0732,1278.62
0.4863,0.1028,1,3,worked_example,worked_example,True,False,False,False,1,2,"{""worked_example"": 0.5397, ""guided_scaffold"": 0.3081, ""open_symbolic"": 0.1522}",0.0693,0.0714,1263.01
0.4847,0.0909,1,3,worked_example,worked_example,True,False,False,False,1,2,"{""worked_example"": 0.5228, ""guided_scaffold"": 0.3215, ""open_symbolic"": 0.1557}",0.0705,0.0707,1224.15
0.1334,0.0909,1,3,worked_example,worked_example,True,False,False,False,1,2,"{""worked_example"": 0.563, ""guided_scaffold"": 0.2931, ""open_symbolic"": 0.1439}",0.0738,0.0732,1216.33
0.15,0.0909,1,0,worked_example,worked_example,True,False,False,False,1,2,"{""worked_example"": 0.5877, ""guided_scaffold"": 0.2735, ""open_symbolic"": 0.1388}",0.0674,0.0746,1233.88
0.1353,0.0909,1,1,worked_example,worked_example,True,False,False,False,1,2,"{""worked_example"": 0.594, ""guided_scaffold"": 0.2715, ""open_symbolic"": 0.1346}",0.0861,0.0813,1356.35
0.1336,0.0909,1,2,worked_example,worked_example,True,False,False,False,1,2,"{""worked_example"": 0.5614, ""guided_scaffold"": 0.2931, ""open_symbolic"": 0.1456}",0.0826,0.0724,1260.58
0.5143,0.0909,1,0,worked_example,worked_example,True,False,False,False,1,2,"{""worked_example"": 0.5577, ""guided_scaffold"": 0.2972, ""open_symbolic"": 0.1451}",0.07,0.0699,1241.9
0.1336,0.0909,1,2,worked_example,worked_example,True,False,False,False,1,2,"{""worked_example"": 0.5614, ""guided_scaffold"": 0.2931, ""open_symbolic"": 0.1456}",0.0826,0.0724,1236.34
0.1353,0.0909,1,1,worked_example,worked_example,True,False,False,False,1,2,"{""worked_example"": 0.594, ""guided_scaffold"": 0.2715, ""open_symbolic"": 0.1346}",0.0861,0.0813,1253.71
0.4847,0.0909,1,3,worked_example,worked_example,True,False,False,False,1,2,"{""worked_example"": 0.5228, ""guided_scaffold"": 0.3215, ""open_symbolic"": 0.1557}",0.0705,0.0707,1238.28
0.1957,0.0909,1,4,worked_example,worked_example,True,False,False,False,1,2,"{""worked_example"": 0.5643, ""guided_scaffold"": 0.2861, ""open_symbolic"": 0.1497}",0.0756,0.0804,1271.99
0.1334,0.0909,1,3,worked_example,worked_example,True,False,False,False,1,2,"{""worked_example"": 0.563, ""guided_scaffold"": 0.2931, ""open_symbolic"": 0.1439}",0.0738,0.0732,1324.67
0.1812,0.1189,1,3,worked_example,worked_example,True,False,False,False,1,2,"{""worked_example"": 0.5653, ""guided_scaffold"": 0.2871, ""open_symbolic"": 0.1476}",0.069,0.0767,1235.24
0.15,0.0909,1,0,worked_example,worked_example,True,False,False,False,1,2,"{""worked_example"": 0.5877, ""guided_scaffold"": 0.2735, ""open_symbolic"": 0.1388}",0.0674,0.0746,1304.87
0.1333,0.0909,1,5,worked_example,worked_example,True,False,False,False,1,2,"{""worked_example"": 0.5846, ""guided_scaffold"": 0.2807, ""open_symbolic"": 0.1347}",0.0721,0.0709,1380.99
0.4882,0.0909,1,1,worked_example,worked_example,True,False,False,False,1,2,"{""worked_example"": 0.5823, ""guided_scaffold"": 0.2788, ""open_symbolic"": 0.1389}",0.0863,0.0752,1339.8
0.15,0.0909,1,0,worked_example,worked_example,True,False,False,False,1,2,"{""worked_example"": 0.5877, ""guided_scaffold"": 0.2735, ""open_symbolic"": 0.1388}",0.0674,0.0746,1393.78
0.1336,0.0909,1,2,worked_example,worked_example,True,False,False,False,1,2,"{""worked_example"": 0.5614, ""guided_scaffold"": 0.2931, ""open_symbolic"": 0.1456}",0.0826,0.0724,1311.98
0.8829,0.2964,2,2,guided_scaffold,worked_example,False,False,True,False,2,2,"{""worked_example"": 0.5298, ""guided_scaffold"": 0.3185, ""open_symbolic"": 0.1518}",0.0888,0.077,1389.61
0.8349,0.2825,2,3,guided_scaffold,worked_example,True,False,True,False,2,2,"{""worked_example"": 0.5387, ""guided_scaffold"": 0.3189, ""open_symbolic"": 0.1424}",0.0822,0.0788,1291.34
0.8348,0.2836,2,3,guided_scaffold,worked_example,True,False,True,False,2,2,"{""worked_example"": 0.5387, ""guided_scaffold"": 0.3189, ""open_symbolic"": 0.1424}",0.0822,0.0788,1267.28
0.7413,0.3554,2,2,guided_scaffold,worked_example,False,False,True,False,2,2,"{""worked_example"": 0.5107, ""guided_scaffold"": 0.3318, ""open_symbolic"": 0.1575}",0.0934,0.074,1220.82
0.8501,0.2898,2,0,guided_scaffold,worked_example,False,False,False,False,2,2,"{""worked_example"": 0.5699, ""guided_scaffold"": 0.2917, ""open_symbolic"": 0.1385}",0.0843,0.0722,1238.01
0.8367,0.2844,2,1,guided_scaffold,worked_example,False,False,False,False,2,2,"{""worked_example"": 0.5791, ""guided_scaffold"": 0.285, ""open_symbolic"": 0.1359}",0.1008,0.0883,1637.4
0.9123,0.2972,2,2,guided_scaffold,worked_example,False,False,True,False,2,2,"{""worked_example"": 0.507, ""guided_scaffold"": 0.3334, ""open_symbolic"": 0.1596}",0.0784,0.0713,1263.42
0.835,0.2839,2,2,guided_scaffold,worked_example,False,False,True,False,2,2,"{""worked_example"": 0.5315, ""guided_scaffold"": 0.3187, ""open_symbolic"": 0.1498}",0.0915,0.0765,1377.45
0.8356,0.2816,2,3,guided_scaffold,worked_example,True,False,True,False,2,2,"{""worked_example"": 0.5346, ""guided_scaffold"": 0.3172, ""open_symbolic"": 0.1483}",0.0827,0.0795,1292.05
0.8829,0.2964,2,2,guided_scaffold,worked_example,False,False,True,False,2,2,"{""worked_example"": 0.5298, ""guided_scaffold"": 0.3185, ""open_symbolic"": 0.1518}",0.0888,0.077,1303.1
0.8348,0.2842,2,3,guided_scaffold,worked_example,True,False,True,False,2,2,"{""worked_example"": 0.5387, ""guided_scaffold"": 0.3189, ""open_symbolic"": 0.1424}",0.0822,0.0788,1320.0
0.8348,0.2843,2,3,guided_scaffold,worked_example,True,False,True,False,2,2,"{""worked_example"": 0.5387, ""guided_scaffold"": 0.3189, ""open_symbolic"": 0.1424}",0.0822,0.0788,1373.34
0.8216,0.2591,2,2,guided_scaffold,worked_example,False,False,True,False,2,2,"{""worked_example"": 0.5263, ""guided_scaffold"": 0.3235, ""open_symbolic"": 0.1503}",0.0908,0.071,1280.73
0.9186,0.2882,2,2,guided_scaffold,worked_example,False,False,True,False,2,2,"{""worked_example"": 0.5292, ""guided_scaffold"": 0.3203, ""open_symbolic"": 0.1504}",0.0851,0.0721,1269.94
0.8348,0.2843,2,3,guided_scaffold,worked_example,True,False,True,False,2,2,"{""worked_example"": 0.5387, ""guided_scaffold"": 0.3189, ""open_symbolic"": 0.1424}",0.0822,0.0788,1213.03
0.8995,0.2978,2,2,guided_scaffold,worked_example,False,False,True,False,2,2,"{""worked_example"": 0.5041, ""guided_scaffold"": 0.3353, ""open_symbolic"": 0.1606}",0.092,0.0739,1408.7
0.8419,0.2741,2,3,guided_scaffold,worked_example,True,False,True,False,2,2,"{""worked_example"": 0.5354, ""guided_scaffold"": 0.318, ""open_symbolic"": 0.1466}",0.079,0.0794,1300.76
0.9242,0.3715,2,2,guided_scaffold,worked_example,False,False,True,False,2,2,"{""worked_example"": 0.5245, ""guided_scaffold"": 0.3217, ""open_symbolic"": 0.1537}",0.0824,0.0684,1769.62
0.8348,0.2841,2,3,guided_scaffold,worked_example,True,False,True,False,2,2,"{""worked_example"": 0.5387, ""guided_scaffold"": 0.3189, ""open_symbolic"": 0.1424}",0.0822,0.0788,1223.02
0.8349,0.2825,2,3,guided_scaffold,worked_example,True,False,True,False,2,2,"{""worked_example"": 0.5387, ""guided_scaffold"": 0.3189, ""open_symbolic"": 0.1424}",0.0822,0.0788,1403.95
0.8349,0.2806,2,3,guided_scaffold,worked_example,True,False,True,False,2,2,"{""worked_example"": 0.5387, ""guided_scaffold"": 0.3189, ""open_symbolic"": 0.1424}",0.0822,0.0788,1398.26
0.8357,0.2808,2,3,guided_scaffold,worked_example,True,False,True,False,2,2,"{""worked_example"": 0.5346, ""guided_scaffold"": 0.3172, ""open_symbolic"": 0.1483}",0.0827,0.0795,1221.96
0.8348,0.2841,2,3,guided_scaffold,worked_example,True,False,True,False,2,2,"{""worked_example"": 0.5387, ""guided_scaffold"": 0.3189, ""open_symbolic"": 0.1424}",0.0822,0.0788,1360.63
0.953,0.3491,2,1,guided_scaffold,worked_example,False,False,False,False,2,2,"{""worked_example"": 0.5705, ""guided_scaffold"": 0.293, ""open_symbolic"": 0.1366}",0.0937,0.0717,1333.61
0.8829,0.2964,2,2,guided_scaffold,worked_example,False,False,True,False,2,2,"{""worked_example"": 0.5298, ""guided_scaffold"": 0.3185, ""open_symbolic"": 0.1518}",0.0888,0.077,1278.13
0.8357,0.2806,2,3,guided_scaffold,worked_example,True,False,True,False,2,2,"{""worked_example"": 0.5346, ""guided_scaffold"": 0.3172, ""open_symbolic"": 0.1483}",0.0827,0.0795,1281.86
0.8367,0.2844,2,1,guided_scaffold,worked_example,False,False,False,False,2,2,"{""worked_example"": 0.5791, ""guided_scaffold"": 0.285, ""open_symbolic"": 0.1359}",0.1008,0.0883,1268.98
0.8501,0.2898,2,0,guided_scaffold,worked_example,False,False,False,False,2,2,"{""worked_example"": 0.5699, ""guided_scaffold"": 0.2917, ""open_symbolic"": 0.1385}",0.0843,0.0722,1270.22
0.846,0.2804,2,2,guided_scaffold,worked_example,False,False,True,False,2,2,"{""worked_example"": 0.5331, ""guided_scaffold"": 0.3193, ""open_symbolic"": 0.1477}",0.0944,0.0744,1300.79
0.8348,0.2827,2,3,guided_scaffold,worked_example,True,False,True,False,2,2,"{""worked_example"": 0.5387, ""guided_scaffold"": 0.3189, ""open_symbolic"": 0.1424}",0.0822,0.0788,1246.92
0.8348,0.2843,2,3,guided_scaffold,worked_example,True,False,True,False,2,2,"{""worked_example"": 0.5387, ""guided_scaffold"": 0.3189, ""open_symbolic"": 0.1424}",0.0822,0.0788,1307.6
0.8716,0.2827,2,2,guided_scaffold,worked_example,False,False,True,False,2,2,"{""worked_example"": 0.5333, ""guided_scaffold"": 0.319, ""open_symbolic"": 0.1477}",0.093,0.0745,1340.56
0.8367,0.2844,2,1,guided_scaffold,worked_example,False,False,False,False,2,2,"{""worked_example"": 0.5791, ""guided_scaffold"": 0.285, ""open_symbolic"": 0.1359}",0.1008,0.0883,1332.65
0.9409,0.4327,2,1,guided_scaffold,worked_example,False,False,False,False,3,2,"{""worked_example"": 0.578, ""guided_scaffold"": 0.2861, ""open_symbolic"": 0.1359}",0.1021,0.0774,1384.07
0.8872,0.2974,2,1,guided_scaffold,worked_example,False,False,False,False,2,2,"{""worked_example"": 0.5795, ""guided_scaffold"": 0.2834, ""open_symbolic"": 0.1371}",0.0943,0.0811,1250.84
0.8348,0.2843,2,3,guided_scaffold,worked_example,True,False,True,False,2,2,"{""worked_example"": 0.5387, ""guided_scaffold"": 0.3189, ""open_symbolic"": 0.1424}",0.0822,0.0788,1363.49
0.8349,0.2825,2,3,guided_scaffold,worked_example,True,False,True,False,2,2,"{""worked_example"": 0.5387, ""guided_scaffold"": 0.3189, ""open_symbolic"": 0.1424}",0.0822,0.0788,1291.13
0.8348,0.2841,2,3,guided_scaffold,worked_example,True,False,True,False,2,2,"{""worked_example"": 0.5387, ""guided_scaffold"": 0.3189, ""open_symbolic"": 0.1424}",0.0822,0.0788,1322.87
0.8501,0.2898,2,0,guided_scaffold,worked_example,False,False,False,False,2,2,"{""worked_example"": 0.5699, ""guided_scaffold"": 0.2917, ""open_symbolic"": 0.1385}",0.0843,0.0722,1250.19
0.9409,0.4327,2,1,guided_scaffold,worked_example,False,False,False,False,3,2,"{""worked_example"": 0.578, ""guided_scaffold"": 0.2861, ""open_symbolic"": 0.1359}",0.1021,0.0774,1323.13
0.8367,0.2844,2,1,guided_scaffold,worked_example,False,False,False,False,2,2,"{""worked_example"": 0.5791, ""guided_scaffold"": 0.285, ""open_symbolic"": 0.1359}",0.1008,0.0883,1265.93
0.8348,0.2836,2,3,guided_scaffold,worked_example,True,False,True,False,2,2,"{""worked_example"": 0.5387, ""guided_scaffold"": 0.3189, ""open_symbolic"": 0.1424}",0.0822,0.0788,1326.16
0.9469,0.4521,2,1,guided_scaffold,worked_example,False,False,False,False,3,2,"{""worked_example"": 0.5773, ""guided_scaffold"": 0.2868, ""open_symbolic"": 0.1359}",0.0991,0.0746,1288.7
0.8849,0.2905,2,2,guided_scaffold,worked_example,False,False,True,False,2,2,"{""worked_example"": 0.5469, ""guided_scaffold"": 0.3073, ""open_symbolic"": 0.1458}",0.0914,0.0795,1432.37
0.8501,0.2898,2,0,guided_scaffold,worked_example,False,False,False,False,2,2,"{""worked_example"": 0.5699, ""guided_scaffold"": 0.2917, ""open_symbolic"": 0.1385}",0.0843,0.0722,1230.41
0.9569,0.4073,2,1,guided_scaffold,worked_example,False,False,False,False,3,2,"{""worked_example"": 0.5568, ""guided_scaffold"": 0.2977, ""open_symbolic"": 0.1455}",0.0987,0.0733,1358.94
0.835,0.2839,2,2,guided_scaffold,worked_example,False,False,True,False,2,2,"{""worked_example"": 0.5315, ""guided_scaffold"": 0.3187, ""open_symbolic"": 0.1498}",0.0915,0.0765,1379.02
0.9479,0.2609,2,2,guided_scaffold,worked_example,False,False,True,False,2,2,"{""worked_example"": 0.5245, ""guided_scaffold"": 0.328, ""open_symbolic"": 0.1475}",0.0942,0.0702,1351.53
0.8348,0.2843,2,3,guided_scaffold,worked_example,True,False,True,False,2,2,"{""worked_example"": 0.5387, ""guided_scaffold"": 0.3189, ""open_symbolic"": 0.1424}",0.0822,0.0788,1258.07
0.8823,0.2958,2,2,guided_scaffold,worked_example,False,False,True,False,2,2,"{""worked_example"": 0.5298, ""guided_scaffold"": 0.3185, ""open_symbolic"": 0.1518}",0.0888,0.077,1333.8
0.9451,0.5208,3,2,open_symbolic,worked_example,False,False,False,False,3,2,"{""worked_example"": 0.5237, ""guided_scaffold"": 0.3283, ""open_symbolic"": 0.148}",0.0849,0.0644,1372.85
0.9364,0.6413,3,2,open_symbolic,worked_example,False,False,False,False,4,2,"{""worked_example"": 0.542, ""guided_scaffold"": 0.3094, ""open_symbolic"": 0.1487}",0.0909,0.069,1304.75
0.9638,0.5384,3,2,open_symbolic,worked_example,False,False,False,False,3,2,"{""worked_example"": 0.5225, ""guided_scaffold"": 0.324, ""open_symbolic"": 0.1534}",0.0858,0.0665,1334.62
0.9667,0.5595,3,1,open_symbolic,worked_example,False,False,False,False,3,2,"{""worked_example"": 0.5656, ""guided_scaffold"": 0.2918, ""open_symbolic"": 0.1426}",0.0876,0.0696,1235.21
0.9637,0.5353,3,2,open_symbolic,worked_example,False,False,False,False,3,2,"{""worked_example"": 0.5225, ""guided_scaffold"": 0.324, ""open_symbolic"": 0.1534}",0.0858,0.0665,1422.57
0.9753,0.7037,3,1,open_symbolic,worked_example,False,False,False,False,4,2,"{""worked_example"": 0.5602, ""guided_scaffold"": 0.2974, ""open_symbolic"": 0.1424}",0.0954,0.073,1369.83
0.9637,0.5378,3,2,open_symbolic,worked_example,False,False,False,False,3,2,"{""worked_example"": 0.5225, ""guided_scaffold"": 0.324, ""open_symbolic"": 0.1534}",0.0858,0.0665,1409.4
0.9637,0.5373,3,2,open_symbolic,worked_example,False,False,False,False,3,2,"{""worked_example"": 0.5225, ""guided_scaffold"": 0.324, ""open_symbolic"": 0.1534}",0.0858,0.0665,1278.52
0.9638,0.5384,3,2,open_symbolic,worked_example,False,False,False,False,3,2,"{""worked_example"": 0.5225, ""guided_scaffold"": 0.324, ""open_symbolic"": 0.1534}",0.0858,0.0665,1417.39
0.9637,0.5354,3,2,open_symbolic,worked_example,False,False,False,False,3,2,"{""worked_example"": 0.5225, ""guided_scaffold"": 0.324, ""open_symbolic"": 0.1534}",0.0858,0.0665,1244.45
0.9655,0.5629,3,2,open_symbolic,worked_example,False,False,False,False,3,2,"{""worked_example"": 0.5223, ""guided_scaffold"": 0.3233, ""open_symbolic"": 0.1544}",0.0772,0.0655,1360.22
0.9394,0.6114,3,4,open_symbolic,worked_example,False,False,False,False,3,2,"{""worked_example"": 0.5304, ""guided_scaffold"": 0.3239, ""open_symbolic"": 0.1456}",0.0833,0.0726,1395.32
0.9637,0.5378,3,2,open_symbolic,worked_example,False,False,False,False,3,2,"{""worked_example"": 0.5225, ""guided_scaffold"": 0.324, ""open_symbolic"": 0.1534}",0.0858,0.0665,1253.55
0.9637,0.5378,3,2,open_symbolic,worked_example,False,False,False,False,3,2,"{""worked_example"": 0.5225, ""guided_scaffold"": 0.324, ""open_symbolic"": 0.1534}",0.0858,0.0665,1369.83
0.9753,0.7037,3,1,open_symbolic,worked_example,False,False,False,False,4,2,"{""worked_example"": 0.5602, ""guided_scaffold"": 0.2974, ""open_symbolic"": 0.1424}",0.0954,0.073,1424.71
0.9655,0.5629,3,2,open_symbolic,worked_example,False,False,False,False,3,2,"{""worked_example"": 0.5223, ""guided_scaffold"": 0.3233, ""open_symbolic"": 0.1544}",0.0772,0.0655,1304.7
0.9592,0.6322,3,1,open_symbolic,worked_example,False,False,False,False,4,2,"{""worked_example"": 0.5659, ""guided_scaffold"": 0.2924, ""open_symbolic"": 0.1417}",0.106,0.0721,1232.14
0.9642,0.5449,3,1,open_symbolic,worked_example,False,False,False,False,3,2,"{""worked_example"": 0.5574, ""guided_scaffold"": 0.2988, ""open_symbolic"": 0.1438}",0.0973,0.0717,1582.69
0.9642,0.5449,3,1,open_symbolic,worked_example,False,False,False,False,3,2,"{""worked_example"": 0.5574, ""guided_scaffold"": 0.2988, ""open_symbolic"": 0.1438}",0.0973,0.0717,1272.65
0.9637,0.5377,3,2,open_symbolic,worked_example,False,False,False,False,3,2,"{""worked_example"": 0.5225, ""guided_scaffold"": 0.324, ""open_symbolic"": 0.1534}",0.0858,0.0665,1291.72
0.9637,0.5378,3,2,open_symbolic,worked_example,False,False,False,False,3,2,"{""worked_example"": 0.5225, ""guided_scaffold"": 0.324, ""open_symbolic"": 0.1534}",0.0858,0.0665,1209.45
0.9727,0.6631,3,2,open_symbolic,worked_example,False,False,False,False,4,2,"{""worked_example"": 0.5148, ""guided_scaffold"": 0.3276, ""open_symbolic"": 0.1577}",0.0746,0.0644,1312.64
0.9752,0.7037,3,1,open_symbolic,worked_example,False,False,False,False,4,2,"{""worked_example"": 0.5602, ""guided_scaffold"": 0.2974, ""open_symbolic"": 0.1424}",0.0954,0.073,1307.45
0.9753,0.7052,3,1,open_symbolic,worked_example,False,False,False,False,4,2,"{""worked_example"": 0.5658, ""guided_scaffold"": 0.294, ""open_symbolic"": 0.1402}",0.093,0.0719,1302.05
0.9642,0.5449,3,1,open_symbolic,worked_example,False,False,False,False,3,2,"{""worked_example"": 0.5574, ""guided_scaffold"": 0.2988, ""open_symbolic"": 0.1438}",0.0973,0.0717,1308.71
0.9637,0.5371,3,2,open_symbolic,worked_example,False,False,False,False,3,2,"{""worked_example"": 0.5225, ""guided_scaffold"": 0.324, ""open_symbolic"": 0.1534}",0.0858,0.0665,1323.8
0.97,0.6101,3,1,open_symbolic,worked_example,False,False,False,False,3,2,"{""worked_example"": 0.5585, ""guided_scaffold"": 0.2967, ""open_symbolic"": 0.1447}",0.0886,0.0686,1327.74
0.9757,0.7091,3,1,open_symbolic,worked_example,False,False,False,False,4,2,"{""worked_example"": 0.5658, ""guided_scaffold"": 0.294, ""open_symbolic"": 0.1402}",0.093,0.0719,1363.82
0.9637,0.5366,3,2,open_symbolic,worked_example,False,False,False,False,3,2,"{""worked_example"": 0.5225, ""guided_scaffold"": 0.324, ""open_symbolic"": 0.1534}",0.0858,0.0665,1353.63
0.96,0.6459,3,1,open_symbolic,worked_example,False,False,False,False,4,2,"{""worked_example"": 0.5632, ""guided_scaffold"": 0.2918, ""open_symbolic"": 0.145}",0.0906,0.0662,1224.06
0.9791,0.7499,3,1,open_symbolic,worked_example,False,False,False,False,4,2,"{""worked_example"": 0.5622, ""guided_scaffold"": 0.2966, ""open_symbolic"": 0.1413}",0.0882,0.0702,1419.2
0.9639,0.5384,3,2,open_symbolic,worked_example,False,False,False,False,3,2,"{""worked_example"": 0.5225, ""guided_scaffold"": 0.324, ""open_symbolic"": 0.1534}",0.0858,0.0665,1317.38
0.9637,0.5378,3,2,open_symbolic,worked_example,False,False,False,False,3,2,"{""worked_example"": 0.5225, ""guided_scaffold"": 0.324, ""open_symbolic"": 0.1534}",0.0858,0.0665,1364.13
0.9653,0.5391,3,1,open_symbolic,worked_example,False,False,False,False,3,2,"{""worked_example"": 0.5656, ""guided_scaffold"": 0.2929, ""open_symbolic"": 0.1415}",0.0892,0.0735,1322.12
0.9637,0.5378,3,2,open_symbolic,worked_example,False,False,False,False,3,2,"{""worked_example"": 0.5225, ""guided_scaffold"": 0.324, ""open_symbolic"": 0.1534}",0.0858,0.0665,1322.52
0.9752,0.7037,3,1,open_symbolic,worked_example,False,False,False,False,4,2,"{""worked_example"": 0.5602, ""guided_scaffold"": 0.2974, ""open_symbolic"": 0.1424}",0.0954,0.073,1322.64
0.9675,0.597,3,0,open_symbolic,worked_example,False,False,False,False,3,2,"{""worked_example"": 0.5356, ""guided_scaffold"": 0.3136, ""open_symbolic"": 0.1508}",0.0707,0.065,1274.0
0.9604,0.5005,3,1,open_symbolic,worked_example,False,False,False,False,3,2,"{""worked_example"": 0.5474, ""guided_scaffold"": 0.3048, ""open_symbolic"": 0.1478}",0.0924,0.0665,1200.12
0.9637,0.5361,3,2,open_symbolic,worked_example,False,False,False,False,3,2,"{""worked_example"": 0.5225, ""guided_scaffold"": 0.324, ""open_symbolic"": 0.1534}",0.0858,0.0665,1402.99
0.9642,0.5449,3,1,open_symbolic,worked_example,False,False,False,False,3,2,"{""worked_example"": 0.5574, ""guided_scaffold"": 0.2988, ""open_symbolic"": 0.1438}",0.0973,0.0717,1308.61
0.9753,0.7052,3,1,open_symbolic,worked_example,False,False,False,False,4,2,"{""worked_example"": 0.5658, ""guided_scaffold"": 0.294, ""open_symbolic"": 0.1402}",0.093,0.0719,1279.82
0.9655,0.5627,3,2,open_symbolic,worked_example,False,False,False,False,3,2,"{""worked_example"": 0.5223, ""guided_scaffold"": 0.3233, ""open_symbolic"": 0.1544}",0.0772,0.0655,1259.17
0.9639,0.539,3,2,open_symbolic,worked_example,False,False,False,False,3,2,"{""worked_example"": 0.5225, ""guided_scaffold"": 0.324, ""open_symbolic"": 0.1534}",0.0858,0.0665,1427.5
0.9675,0.597,3,0,open_symbolic,worked_example,False,False,False,False,3,2,"{""worked_example"": 0.5356, ""guided_scaffold"": 0.3136, ""open_symbolic"": 0.1508}",0.0707,0.065,1323.75
0.9637,0.5378,3,2,open_symbolic,worked_example,False,False,False,False,3,2,"{""worked_example"": 0.5225, ""guided_scaffold"": 0.324, ""open_symbolic"": 0.1534}",0.0858,0.0665,1268.09
0.9675,0.597,3,0,open_symbolic,worked_example,False,False,False,False,3,2,"{""worked_example"": 0.5356, ""guided_scaffold"": 0.3136, ""open_symbolic"": 0.1508}",0.0707,0.065,1291.86
0.938,0.5074,3,2,open_symbolic,worked_example,False,False,False,False,3,2,"{""worked_example"": 0.533, ""guided_scaffold"": 0.3185, ""open_symbolic"": 0.1485}",0.0856,0.0661,1241.91
0.9639,0.5385,3,2,open_symbolic,worked_example,False,False,False,False,3,2,"{""worked_example"": 0.5225, ""guided_scaffold"": 0.324, ""open_symbolic"": 0.1534}",0.0858,0.0665,1342.83
0.9638,0.5384,3,2,open_symbolic,worked_example,False,False,False,False,3,2,"{""worked_example"": 0.5225, ""guided_scaffold"": 0.324, ""open_symbolic"": 0.1534}",0.0858,0.0665,1320.31
0.9675,0.597,3,0,open_symbolic,worked_example,False,False,False,False,3,2,"{""worked_example"": 0.5356, ""guided_scaffold"": 0.3136, ""open_symbolic"": 0.1508}",0.0707,0.065,1355.33
1.0,0.923,4,0,open_symbolic,worked_example,False,False,False,False,5,2,"{""worked_example"": 0.5589, ""guided_scaffold"": 0.292, ""open_symbolic"": 0.1492}",0.1183,0.1079,1306.96
0.9987,0.8942,4,2,open_symbolic,worked_example,False,False,False,False,5,2,"{""worked_example"": 0.5485, ""guided_scaffold"": 0.3009, ""open_symbolic"": 0.1506}",0.1073,0.1011,1397.35
1.0,0.8947,4,1,open_symbolic,worked_example,False,False,False,False,5,2,"{""worked_example"": 0.5898, ""guided_scaffold"": 0.2763, ""open_symbolic"": 0.134}",0.1068,0.0958,1410.71
1.0,0.8391,4,0,open_symbolic,worked_example,False,False,False,False,4,2,"{""worked_example"": 0.5537, ""guided_scaffold"": 0.2968, ""open_symbolic"": 0.1495}",0.108,0.1042,1351.79
1.0,0.9324,4,1,open_symbolic,worked_example,False,False,False,False,5,2,"{""worked_example"": 0.5849, ""guided_scaffold"": 0.2828, ""open_symbolic"": 0.1323}",0.104,0.0933,1217.35
1.0,0.8985,4,0,open_symbolic,worked_example,False,False,False,False,5,2,"{""worked_example"": 0.5514, ""guided_scaffold"": 0.2985, ""open_symbolic"": 0.1502}",0.112,0.1076,1326.85
1.0,0.8389,4,0,open_symbolic,worked_example,False,False,False,False,4,2,"{""worked_example"": 0.5537, ""guided_scaffold"": 0.2968, ""open_symbolic"": 0.1495}",0.108,0.1042,1358.13
1.0,0.8948,4,2,open_symbolic,worked_example,False,False,False,False,5,2,"{""worked_example"": 0.5485, ""guided_scaffold"": 0.3009, ""open_symbolic"": 0.1506}",0.1073,0.1011,1335.8
1.0,0.8958,4,0,open_symbolic,worked_example,False,False,False,False,5,2,"{""worked_example"": 0.5514, ""guided_scaffold"": 0.2985, ""open_symbolic"": 0.1502}",0.112,0.1076,1257.41
1.0,0.8958,4,0,open_symbolic,worked_example,False,False,False,False,5,2,"{""worked_example"": 0.5514, ""guided_scaffold"": 0.2985, ""open_symbolic"": 0.1502}",0.112,0.1076,1333.9
1.0,0.8389,4,0,open_symbolic,worked_example,False,False,False,False,4,2,"{""worked_example"": 0.5537, ""guided_scaffold"": 0.2968, ""open_symbolic"": 0.1495}",0.108,0.1042,1348.3
1.0,0.8958,4,0,open_symbolic,worked_example,False,False,False,False,5,2,"{""worked_example"": 0.5514, ""guided_scaffold"": 0.2985, ""open_symbolic"": 0.1502}",0.112,0.1076,1297.52
0.9976,0.8553,4,1,open_symbolic,worked_example,False,False,False,False,4,2,"{""worked_example"": 0.5744, ""guided_scaffold"": 0.2862, ""open_symbolic"": 0.1394}",0.106,0.0921,1359.05
1.0,0.8322,4,1,open_symbolic,worked_example,False,False,False,False,4,2,"{""worked_example"": 0.5705, ""guided_scaffold"": 0.2946, ""open_symbolic"": 0.135}",0.0989,0.0934,1426.64
1.0,0.8949,4,0,open_symbolic,worked_example,False,False,False,False,5,2,"{""worked_example"": 0.5667, ""guided_scaffold"": 0.284, ""open_symbolic"": 0.1493}",0.1138,0.1106,1292.1
1.0,0.8948,4,1,open_symbolic,worked_example,False,False,False,False,5,2,"{""worked_example"": 0.5898, ""guided_scaffold"": 0.2763, ""open_symbolic"": 0.134}",0.1068,0.0958,1448.57
1.0,0.9029,4,0,open_symbolic,worked_example,False,False,False,False,5,2,"{""worked_example"": 0.5514, ""guided_scaffold"": 0.2985, ""open_symbolic"": 0.1502}",0.112,0.1076,1340.07
1.0,0.8949,4,0,open_symbolic,worked_example,False,False,False,False,5,2,"{""worked_example"": 0.5667, ""guided_scaffold"": 0.284, ""open_symbolic"": 0.1493}",0.1138,0.1106,1580.52
1.0,0.8948,4,1,open_symbolic,worked_example,False,False,False,False,5,2,"{""worked_example"": 0.5898, ""guided_scaffold"": 0.2763, ""open_symbolic"": 0.134}",0.1068,0.0958,1339.79
0.9929,0.8949,4,1,open_symbolic,worked_example,False,False,False,False,5,2,"{""worked_example"": 0.6083, ""guided_scaffold"": 0.2653, ""open_symbolic"": 0.1264}",0.0924,0.0776,1358.81
1.0,0.8949,4,0,open_symbolic,worked_example,False,False,False,False,5,2,"{""worked_example"": 0.5667, ""guided_scaffold"": 0.284, ""open_symbolic"": 0.1493}",0.1138,0.1106,1445.51
1.0,0.8948,4,0,open_symbolic,worked_example,False,False,False,False,5,2,"{""worked_example"": 0.5667, ""guided_scaffold"": 0.284, ""open_symbolic"": 0.1493}",0.1138,0.1106,1383.34
0.9996,0.9131,4,1,open_symbolic,worked_example,False,False,False,False,5,2,"{""worked_example"": 0.5875, ""guided_scaffold"": 0.2784, ""open_symbolic"": 0.1341}",0.109,0.0959,1280.78
1.0,0.934,4,1,open_symbolic,worked_example,False,False,False,False,5,2,"{""worked_example"": 0.5849, ""guided_scaffold"": 0.2828, ""open_symbolic"": 0.1323}",0.104,0.0933,1284.87
0.9998,0.9029,4,0,open_symbolic,worked_example,False,False,False,False,5,2,"{""worked_example"": 0.5514, ""guided_scaffold"": 0.2985, ""open_symbolic"": 0.1502}",0.112,0.1076,1299.24
1.0,0.8947,4,0,open_symbolic,worked_example,False,False,False,False,5,2,"{""worked_example"": 0.5667, ""guided_scaffold"": 0.284, ""open_symbolic"": 0.1493}",0.1138,0.1106,1339.31
0.9686,0.8391,4,2,open_symbolic,worked_example,False,False,False,False,4,2,"{""worked_example"": 0.5267, ""guided_scaffold"": 0.3194, ""open_symbolic"": 0.1539}",0.0787,0.066,1402.44
1.0,0.8239,4,0,open_symbolic,worked_example,False,False,False,False,4,2,"{""worked_example"": 0.5626, ""guided_scaffold"": 0.2927, ""open_symbolic"": 0.1447}",0.1093,0.1027,1397.69
1.0,0.9171,4,0,open_symbolic,worked_example,False,False,False,False,5,2,"{""worked_example"": 0.5589, ""guided_scaffold"": 0.292, ""open_symbolic"": 0.1492}",0.1183,0.1079,1278.31
1.0,0.9029,4,0,open_symbolic,worked_example,False,False,False,False,5,2,"{""worked_example"": 0.5514, ""guided_scaffold"": 0.2985, ""open_symbolic"": 0.1502}",0.112,0.1076,1355.26
0.9977,0.8948,4,1,open_symbolic,worked_example,False,False,False,False,5,2,"{""worked_example"": 0.5898, ""guided_scaffold"": 0.2763, ""open_symbolic"": 0.134}",0.1068,0.0958,1418.3
0.9993,0.9005,4,2,open_symbolic,worked_example,False,False,False,False,5,2,"{""worked_example"": 0.5346, ""guided_scaffold"": 0.3129, ""open_symbolic"": 0.1525}",0.106,0.0996,1294.15
1.0,0.8958,4,0,open_symbolic,worked_example,False,False,False,False,5,2,"{""worked_example"": 0.5514, ""guided_scaffold"": 0.2985, ""open_symbolic"": 0.1502}",0.112,0.1076,1500.42
1.0,0.8958,4,0,open_symbolic,worked_example,False,False,False,False,5,2,"{""worked_example"": 0.5514, ""guided_scaffold"": 0.2985, ""open_symbolic"": 0.1502}",0.112,0.1076,1317.29
1.0,0.8553,4,2,open_symbolic,worked_example,False,False,False,False,4,2,"{""worked_example"": 0.5305, ""guided_scaffold"": 0.3149, ""open_symbolic"": 0.1546}",0.1061,0.0963,1704.19
1.0,0.9029,4,0,open_symbolic,worked_example,False,False,False,False,5,2,"{""worked_example"": 0.5514, ""guided_scaffold"": 0.2985, ""open_symbolic"": 0.1502}",0.112,0.1076,1410.06
1.0,0.8948,4,0,open_symbolic,worked_example,False,False,False,False,5,2,"{""worked_example"": 0.5667, ""guided_scaffold"": 0.284, ""open_symbolic"": 0.1493}",0.1138,0.1106,1697.88
1.0,0.8618,4,1,open_symbolic,worked_example,False,False,False,False,4,2,"{""worked_example"": 0.5744, ""guided_scaffold"": 0.2862, ""open_symbolic"": 0.1394}",0.106,0.0921,1327.25
1.0,0.8958,4,1,open_symbolic,worked_example,False,False,False,False,5,2,"{""worked_example"": 0.5693, ""guided_scaffold"": 0.2927, ""open_symbolic"": 0.138}",0.1059,0.0928,1319.21
0.9977,0.8948,4,1,open_symbolic,worked_example,False,False,False,False,5,2,"{""worked_example"": 0.5898, ""guided_scaffold"": 0.2763, ""open_symbolic"": 0.134}",0.1068,0.0958,1287.2
0.9997,0.8944,4,0,open_symbolic,worked_example,False,False,False,False,5,2,"{""worked_example"": 0.5667, ""guided_scaffold"": 0.284, ""open_symbolic"": 0.1493}",0.1138,0.1106,1484.87
0.9999,0.962,4,2,open_symbolic,worked_example,False,False,False,False,5,2,"{""worked_example"": 0.5411, ""guided_scaffold"": 0.3102, ""open_symbolic"": 0.1487}",0.1097,0.093,1730.47
1.0,0.9029,4,0,open_symbolic,worked_example,False,False,False,False,5,2,"{""worked_example"": 0.5514, ""guided_scaffold"": 0.2985, ""open_symbolic"": 0.1502}",0.112,0.1076,1356.18
1.0,0.8945,4,0,open_symbolic,worked_example,False,False,False,False,5,2,"{""worked_example"": 0.5667, ""guided_scaffold"": 0.284, ""open_symbolic"": 0.1493}",0.1138,0.1106,1255.68
1.0,0.8391,4,0,open_symbolic,worked_example,False,False,False,False,4,2,"{""worked_example"": 0.5537, ""guided_scaffold"": 0.2968, ""open_symbolic"": 0.1495}",0.108,0.1042,1344.54
1.0,0.9168,4,1,open_symbolic,worked_example,False,False,False,False,5,2,"{""worked_example"": 0.5826, ""guided_scaffold"": 0.2829, ""open_symbolic"": 0.1346}",0.1109,0.0941,1427.01
0.9929,0.8949,4,1,open_symbolic,worked_example,False,False,False,False,5,2,"{""worked_example"": 0.6083, ""guided_scaffold"": 0.2653, ""open_symbolic"": 0.1264}",0.0924,0.0776,1450.35
1.0,0.8942,4,2,open_symbolic,worked_example,False,False,False,False,5,2,"{""worked_example"": 0.5485, ""guided_scaffold"": 0.3009, ""open_symbolic"": 0.1506}",0.1073,0.1011,1254.07
1.0,0.9029,4,0,open_symbolic,worked_example,False,False,False,False,5,2,"{""worked_example"": 0.5514, ""guided_scaffold"": 0.2985, ""open_symbolic"": 0.1502}",0.112,0.1076,1320.61
1.0,0.8618,4,1,open_symbolic,worked_example,False,False,False,False,4,2,"{""worked_example"": 0.5744, ""guided_scaffold"": 0.2862, ""open_symbolic"": 0.1394}",0.106,0.0921,1314.26
