variant,metric,n_seeds,mean,sd,min,max
static,mean_delta_m_ref,10,0.425306,0.001730,0.423165,0.428826
static,fidelity_ref,10,0.004292,0.000368,0.003750,0.004750
static,jitter,10,0.000000,0.000000,0.000000,0.000000
static,level_skips_per_run,10,0.000000,0.000000,0.000000,0.000000
static,overload_rate,10,0.000000,0.000000,0.000000,0.000000
static,underload_rate,10,0.794033,0.006137,0.785975,0.802225
static,itae_mismatch,10,0.885466,0.005146,0.877325,0.892023
static,fallback_rate,10,0.000000,0.000000,0.000000,0.000000
unconstrained_genui,mean_delta_m_ref,10,0.130515,0.001159,0.127685,0.131789
unconstrained_genui,fidelity_ref,10,0.324410,0.003959,0.319500,0.331900
unconstrained_genui,jitter,10,0.122566,0.001007,0.121030,0.123907
unconstrained_genui,level_skips_per_run,10,2.165400,0.066321,2.058000,2.262000
unconstrained_genui,overload_rate,10,0.025605,0.001387,0.023775,0.027500
unconstrained_genui,underload_rate,10,0.052213,0.001234,0.050100,0.054275
unconstrained_genui,itae_mismatch,10,0.042807,0.001936,0.040137,0.045172
unconstrained_genui,fallback_rate,10,0.029722,0.000585,0.028775,0.030875
rule_based,mean_delta_m_ref,10,0.120727,0.001769,0.118383,0.123362
rule_based,fidelity_ref,10,0.606565,0.006142,0.595675,0.613325
rule_based,jitter,10,0.024094,0.000443,0.023432,0.024814
rule_based,level_skips_per_run,10,0.000000,0.000000,0.000000,0.000000
rule_based,overload_rate,10,0.000090,0.000107,0.000000,0.000325
rule_based,underload_rate,10,0.236295,0.004297,0.230725,0.244625
rule_based,itae_mismatch,10,0.170521,0.007084,0.157015,0.179807
rule_based,fallback_rate,10,0.000000,0.000000,0.000000,0.000000
closed_loop,mean_delta_m_ref,10,0.011992,0.000151,0.011823,0.012187
closed_loop,fidelity_ref,10,1.000000,0.000000,1.000000,1.000000
closed_loop,jitter,10,0.034650,0.000494,0.033565,0.035332
closed_loop,level_skips_per_run,10,0.654600,0.021526,0.614000,0.698000
closed_loop,overload_rate,10,0.001633,0.000371,0.001275,0.002450
closed_loop,underload_rate,10,0.116958,0.002087,0.113650,0.121150
closed_loop,itae_mismatch,10,0.069609,0.002806,0.064537,0.072689
closed_loop,fallback_rate,10,0.152007,0.001632,0.148800,0.154150
ablation_no_derivative_filter,mean_delta_m_ref,10,0.030690,0.000579,0.029869,0.031490
ablation_no_derivative_filter,fidelity_ref,10,0.810732,0.006723,0.800475,0.822000
ablation_no_derivative_filter,jitter,10,0.043622,0.000632,0.041968,0.044211
ablation_no_derivative_filter,level_skips_per_run,10,1.180600,0.043362,1.073000,1.218000
ablation_no_derivative_filter,overload_rate,10,0.001570,0.000337,0.001225,0.002300
ablation_no_derivative_filter,underload_rate,10,0.119807,0.002131,0.116100,0.124075
ablation_no_derivative_filter,itae_mismatch,10,0.072634,0.003142,0.067206,0.076133
ablation_no_derivative_filter,fallback_rate,10,0.154555,0.001496,0.152450,0.156225
ablation_no_anti_windup,mean_delta_m_ref,10,0.105575,0.002286,0.101441,0.107822
ablation_no_anti_windup,fidelity_ref,10,0.564717,0.007544,0.548875,0.574675
ablation_no_anti_windup,jitter,10,0.023734,0.000295,0.023289,0.024252
ablation_no_anti_windup,level_skips_per_run,10,0.426700,0.013005,0.408000,0.444000
ablation_no_anti_windup,overload_rate,10,0.000585,0.000291,0.000225,0.000975
ablation_no_anti_windup,underload_rate,10,0.212610,0.003594,0.205925,0.216600
ablation_no_anti_windup,itae_mismatch,10,0.171873,0.005814,0.161054,0.179021
ablation_no_anti_windup,fallback_rate,10,0.157583,0.001220,0.155025,0.159300
ablation_level_slew_limit,mean_delta_m_ref,10,0.024174,0.000611,0.023341,0.024957
ablation_level_slew_limit,fidelity_ref,10,0.879478,0.006263,0.871725,0.889375
ablation_level_slew_limit,jitter,10,0.033127,0.000480,0.032098,0.033695
ablation_level_slew_limit,level_skips_per_run,10,0.014000,0.003801,0.010000,0.022000
ablation_level_slew_limit,overload_rate,10,0.001733,0.000368,0.001400,0.002525
ablation_level_slew_limit,underload_rate,10,0.117075,0.002073,0.113950,0.121425
ablation_level_slew_limit,itae_mismatch,10,0.070172,0.002708,0.065382,0.073312
ablation_level_slew_limit,fallback_rate,10,0.151610,0.001504,0.148675,0.153475
closed_loop_forgetting,mean_delta_m_ref,10,0.161071,0.002918,0.157188,0.166041
closed_loop_forgetting,fidelity_ref,10,0.421632,0.008506,0.408025,0.436025
closed_loop_forgetting,jitter,10,0.059872,0.000921,0.058395,0.060926
closed_loop_forgetting,level_skips_per_run,10,1.035000,0.031630,0.993000,1.081000
closed_loop_forgetting,overload_rate,10,0.000385,0.000186,0.000200,0.000750
closed_loop_forgetting,underload_rate,10,0.245248,0.003811,0.240300,0.251200
closed_loop_forgetting,itae_mismatch,10,0.216936,0.005022,0.210234,0.224062
closed_loop_forgetting,fallback_rate,10,0.157365,0.001438,0.154850,0.159650
closed_loop_lapse_cusum,mean_delta_m_ref,10,0.022103,0.001168,0.020772,0.024253
closed_loop_lapse_cusum,fidelity_ref,10,0.975695,0.001475,0.974050,0.978425
closed_loop_lapse_cusum,jitter,10,0.039113,0.000551,0.038127,0.039918
closed_loop_lapse_cusum,level_skips_per_run,10,0.864000,0.021863,0.834000,0.918000
closed_loop_lapse_cusum,overload_rate,10,0.001590,0.000348,0.001275,0.002400
closed_loop_lapse_cusum,underload_rate,10,0.130708,0.002067,0.128575,0.135175
closed_loop_lapse_cusum,itae_mismatch,10,0.090176,0.003444,0.083048,0.095968
closed_loop_lapse_cusum,fallback_rate,10,0.152287,0.001605,0.149700,0.154625
closed_loop_lapse_cusum_slew,mean_delta_m_ref,10,0.032393,0.000916,0.030694,0.033690
closed_loop_lapse_cusum_slew,fidelity_ref,10,0.860695,0.005109,0.853975,0.869350
closed_loop_lapse_cusum_slew,jitter,10,0.036722,0.000581,0.035589,0.037572
closed_loop_lapse_cusum_slew,level_skips_per_run,10,0.012900,0.003725,0.008000,0.021000
closed_loop_lapse_cusum_slew,overload_rate,10,0.001705,0.000355,0.001400,0.002500
closed_loop_lapse_cusum_slew,underload_rate,10,0.128032,0.001946,0.125775,0.132450
closed_loop_lapse_cusum_slew,itae_mismatch,10,0.086763,0.003294,0.079862,0.092484
closed_loop_lapse_cusum_slew,fallback_rate,10,0.152045,0.001536,0.148950,0.154200
